City_ID,City,Country,Date,Lat,Lng,Max Temp,Humidity,Cloudiness,Wind Speed
0,Port Alfred,ZA,2022-07-28 01:05:37,-33.5906,26.891,62.53,81,88,14.67
1,Hobart,AU,2022-07-28 01:02:10,-42.8794,147.3294,53.06,63,20,8.05
2,Thompson,CA,2022-07-28 01:04:26,55.7435,-97.8558,54.21,92,100,3.4
3,Jamestown,US,2022-07-28 01:02:41,42.097,-79.2353,72.52,71,100,6.91
4,Pasni,PK,2022-07-28 01:05:38,25.2631,63.471,81.59,81,100,1.81
5,New Norfolk,AU,2022-07-28 01:04:36,-42.7826,147.0587,52.72,74,92,1.99
6,Ribeira Grande,PT,2022-07-28 01:05:38,38.5167,-28.7,73.0,86,36,11.07
7,Dikson,RU,2022-07-28 01:05:39,73.5069,80.5464,40.86,94,97,12.44
8,Gat,IL,2022-07-28 01:05:39,31.61,34.7642,77.4,68,0,2.98
9,Kodiak,US,2022-07-28 01:05:39,57.79,-152.4072,63.91,48,0,12.66
10,Cape Town,ZA,2022-07-28 01:05:07,-33.9258,18.4232,60.39,75,0,3.76
11,Sola,VU,2022-07-28 01:05:40,-13.8833,167.55,79.97,78,100,11.36
12,Charters Towers,AU,2022-07-28 01:05:40,-20.1,146.2667,65.53,30,0,10.94
13,Hithadhoo,MV,2022-07-28 01:02:10,-0.6,73.0833,82.35,73,100,12.21
14,Ushuaia,AR,2022-07-28 01:05:41,-54.8,-68.3,40.66,87,75,20.71
15,Pangody,RU,2022-07-28 01:05:41,65.85,74.4859,55.36,69,3,10.54
16,Zhigansk,RU,2022-07-28 01:05:41,66.7697,123.3711,76.57,50,5,3.22
17,Port Elizabeth,ZA,2022-07-28 01:05:42,-33.918,25.5701,52.11,82,32,9.44
18,Pisco,PE,2022-07-28 01:05:42,-13.7,-76.2167,62.65,82,20,2.3
19,Pleshanovo,RU,2022-07-28 01:05:43,52.8333,53.4833,63.12,90,8,5.61
20,Yellowknife,CA,2022-07-28 01:05:05,62.456,-114.3525,66.56,72,96,11.99
21,Khatanga,RU,2022-07-28 01:05:43,71.9667,102.5,68.72,50,76,1.68
22,Vaini,TO,2022-07-28 01:05:44,-21.2,-175.2,80.76,83,20,9.22
23,Qaanaaq,GL,2022-07-28 01:05:44,77.484,-69.3632,38.41,88,48,4.23
24,Homer,US,2022-07-28 01:03:01,59.6425,-151.5483,65.77,73,12,13.0
25,Punta Arenas,CL,2022-07-28 01:05:45,-53.15,-70.9167,41.11,70,20,32.21
26,Conceicao Da Barra,BR,2022-07-28 01:01:19,-18.5933,-39.7322,68.76,83,21,2.75
27,Ambilobe,MG,2022-07-28 01:05:45,-13.2,49.05,63.57,91,6,2.37
28,Tuktoyaktuk,CA,2022-07-28 01:05:46,69.4541,-133.0374,42.98,87,100,18.03
29,Amuntai,ID,2022-07-28 01:05:28,-2.4177,115.2494,79.56,83,100,0.92
30,Husavik,IS,2022-07-28 01:05:46,66.0449,-17.3389,55.54,82,99,11.25
31,Coquimbo,CL,2022-07-28 01:02:03,-29.9533,-71.3436,55.62,86,100,5.88
32,Acapulco,MX,2022-07-28 01:02:00,16.8634,-99.8901,79.54,84,100,2.39
33,Faanui,PF,2022-07-28 01:05:47,-16.4833,-151.75,79.16,74,14,26.64
34,Andenes,NO,2022-07-28 01:03:12,69.3143,16.1194,48.18,93,100,19.57
35,Cambridge,CA,2022-07-28 01:01:47,43.3601,-80.3127,74.01,85,96,5.99
36,Mataura,NZ,2022-07-28 01:05:47,-46.1927,168.8643,47.48,99,100,3.02
37,Bluff,NZ,2022-07-28 01:05:48,-46.6,168.3333,47.8,87,100,12.75
38,Kaohsiung,TW,2022-07-28 01:05:48,22.6163,120.3133,89.55,70,40,4.61
39,Longyearbyen,SJ,2022-07-28 01:05:48,78.2186,15.6401,42.64,81,75,23.02
40,Yeniseysk,RU,2022-07-28 01:05:49,58.4497,92.1703,60.48,84,100,2.13
41,Bulungu,CD,2022-07-28 01:05:49,-4.55,18.6,73.17,54,82,0.67
42,Ust-Tsilma,RU,2022-07-28 01:05:50,65.441,52.1498,58.44,64,97,5.21
43,Zhicheng,CN,2022-07-28 01:06:50,30.2956,111.5047,79.79,83,88,4.47
44,Severo-Kurilsk,RU,2022-07-28 01:02:35,50.6789,156.125,55.31,86,95,6.8
45,Belaya Gora,RU,2022-07-28 01:06:50,68.5333,146.4167,61.34,35,95,13.13
46,Upernavik,GL,2022-07-28 01:06:51,72.7868,-56.1549,40.28,85,100,1.25
47,Busselton,AU,2022-07-28 01:06:51,-33.65,115.3333,58.19,70,61,10.87
48,Saint Albans,GB,2022-07-28 01:06:52,51.75,-0.3333,61.84,77,100,8.05
49,Victoria,HK,2022-07-28 01:04:08,22.2855,114.1577,91.26,79,0,4.0
50,Atuona,PF,2022-07-28 01:06:52,-9.8,-139.0333,76.28,77,18,22.37
51,College,US,2022-07-28 01:06:14,64.8569,-147.8028,61.07,62,75,13.8
52,Puerto Leguizamo,CO,2022-07-28 01:05:24,-0.1934,-74.7819,69.89,98,100,2.84
53,Sao Felix Do Xingu,BR,2022-07-28 01:06:53,-6.6447,-51.995,72.64,53,40,0.98
54,Talnakh,RU,2022-07-28 01:06:54,69.4865,88.3972,54.21,60,78,9.13
55,Ambon,ID,2022-07-28 01:06:54,-3.6954,128.1814,80.74,83,75,8.05
56,Namatanai,PG,2022-07-28 01:06:55,-3.6667,152.4333,84.25,68,96,11.5
57,Zlobin,HR,2022-07-28 01:06:55,45.2924,14.6541,67.78,68,0,10.04
58,Arraial Do Cabo,BR,2022-07-28 01:06:55,-22.9661,-42.0278,70.36,81,0,23.2
59,Airai,TL,2022-07-28 01:01:56,-8.9266,125.4092,65.01,53,21,5.21
60,Klaksvik,FO,2022-07-28 01:06:56,62.2266,-6.589,52.72,93,70,13.56
61,Arkhangelsk,RU,2022-07-28 01:06:56,64.5401,40.5433,64.51,100,20,4.47
62,Cancun,MX,2022-07-28 01:03:35,21.1743,-86.8466,82.06,78,7,8.75
63,Zhezkazgan,KZ,2022-07-28 01:02:23,47.8043,67.7144,71.38,55,0,7.29
64,Castro,BR,2022-07-28 01:06:45,-24.7911,-50.0119,57.4,80,97,3.0
65,Te Anau,NZ,2022-07-28 01:06:57,-45.4167,167.7167,41.7,98,100,2.08
66,Saskylakh,RU,2022-07-28 01:06:57,71.9167,114.0833,68.67,63,94,11.5
67,Hof,DE,2022-07-28 01:06:58,50.3167,11.9167,53.46,74,86,4.0
68,Torbay,CA,2022-07-28 01:05:32,47.6666,-52.7314,64.76,84,0,4.0
69,Marzuq,YE,2022-07-28 01:06:58,14.4,46.4667,81.55,46,100,9.75
70,Kapaa,US,2022-07-28 01:04:26,22.0752,-159.319,85.98,66,40,16.11
71,Barrow,US,2022-07-28 01:06:59,71.2906,-156.7887,33.82,100,100,18.41
72,Huanan,CN,2022-07-28 01:06:59,46.2167,130.5167,80.85,73,100,9.98
73,Saint-Leu,RE,2022-07-28 01:07:00,-21.15,55.2833,67.32,74,25,5.03
74,Conakry,GN,2022-07-28 01:05:08,9.538,-13.6773,76.87,85,98,1.5
75,Bulgan,MN,2022-07-28 01:07:00,48.8125,103.5347,54.05,86,100,2.1
76,Albany,US,2022-07-28 01:02:07,42.6001,-73.9662,73.81,69,100,1.61
77,Grindavik,IS,2022-07-28 01:07:01,63.8424,-22.4338,50.47,81,100,21.85
78,Partenit,UA,2022-07-28 01:07:01,44.578,34.3446,72.63,64,0,4.18
79,San Ramon De La Nueva Oran,AR,2022-07-28 01:07:01,-23.1322,-64.326,77.43,52,71,1.21
80,Hilo,US,2022-07-28 01:07:02,19.7297,-155.09,87.28,76,75,10.36
81,Vieux Fort,LC,2022-07-28 01:05:24,13.7167,-60.95,79.92,78,20,20.71
82,Rikitea,PF,2022-07-28 01:07:02,-23.1203,-134.9692,73.99,69,100,15.61
83,Carnarvon,AU,2022-07-28 01:07:03,-24.8667,113.6333,72.21,48,100,1.74
84,Hermanus,ZA,2022-07-28 01:06:17,-34.4187,19.2345,52.23,83,0,12.39
85,Fairbanks,US,2022-07-28 01:02:48,64.8378,-147.7164,61.09,64,75,16.11
86,Puerto Ayora,EC,2022-07-28 01:07:03,-0.7393,-90.3518,70.56,92,100,7.0
87,Auki,SB,2022-07-28 01:08:04,-8.7676,160.7034,86.16,61,22,4.05
88,Popondetta,PG,2022-07-28 01:08:04,-8.7537,148.2534,87.84,57,15,4.38
89,Los Llanos De Aridane,ES,2022-07-28 01:08:04,28.6585,-17.9182,72.12,90,20,18.41
90,Palmer,US,2022-07-28 01:05:14,42.1584,-72.3287,76.06,74,75,3.44
91,Saint Anthony,US,2022-07-28 01:07:17,45.0205,-93.218,76.62,42,0,17.27
92,Vanimo,PG,2022-07-28 01:08:05,-2.6741,141.3028,85.28,67,21,6.13
93,Butaritari,KI,2022-07-28 01:08:05,3.0707,172.7902,81.64,77,19,15.32
94,Barabash,RU,2022-07-28 01:08:06,43.2,131.4833,80.01,67,100,5.14
95,Nyagan,RU,2022-07-28 01:08:06,62.1406,65.3936,56.86,62,0,2.98
96,Lavrentiya,RU,2022-07-28 01:08:06,65.5833,-171.0,42.04,81,100,7.16
97,Bengkulu,ID,2022-07-28 01:08:07,-3.8004,102.2655,78.48,79,39,3.67
98,Kaoma,ZM,2022-07-28 01:08:07,-14.7833,24.8,50.29,77,69,5.95
99,Mahebourg,MU,2022-07-28 01:08:08,-20.4081,57.7,67.24,81,19,11.1
100,Nabire,ID,2022-07-28 01:08:08,-3.3667,135.4833,80.67,86,13,1.07
101,Tiarei,PF,2022-07-28 01:08:08,-17.5333,-149.3333,84.22,79,18,28.36
102,Kendari,ID,2022-07-28 01:08:09,-3.945,122.4989,81.07,67,38,4.0
103,Eagle Pass,US,2022-07-28 01:08:09,28.7091,-100.4995,97.65,33,20,16.11
104,Broome,US,2022-07-28 01:08:09,42.2506,-75.833,77.7,73,100,3.27
105,Fortuna,US,2022-07-28 01:08:10,40.5982,-124.1573,68.94,74,20,16.11
106,Rawson,AR,2022-07-28 01:08:10,-43.3002,-65.1023,41.76,78,18,12.53
107,Colomi,BO,2022-07-28 01:08:10,-17.35,-65.8667,53.47,81,66,5.17
108,Poum,NC,2022-07-28 01:08:11,-20.2333,164.0167,73.65,67,100,14.97
109,Meulaboh,ID,2022-07-28 01:08:11,4.1363,96.1285,76.59,86,100,2.84
110,Monrovia,LR,2022-07-28 01:08:11,6.3005,-10.7969,74.62,87,100,11.86
111,Varna,BG,2022-07-28 01:08:12,43.2167,27.9167,73.24,100,20,1.14
112,Algiers,DZ,2022-07-28 01:08:12,36.7525,3.042,71.42,78,0,2.3
113,Port Lincoln,AU,2022-07-28 01:08:12,-34.7333,135.8667,56.3,71,3,9.71
114,Mamit,IN,2022-07-28 01:08:13,23.9333,92.4833,73.24,85,100,1.03
115,Kayerkan,RU,2022-07-28 01:08:13,69.3497,87.7602,53.53,100,100,7.09
116,Vila Velha,BR,2022-07-28 01:08:14,-20.3297,-40.2925,67.95,88,75,3.44
117,Aulnoye-Aymeries,FR,2022-07-28 01:08:14,50.2014,3.8384,56.95,67,46,7.43
118,Chokurdakh,RU,2022-07-28 01:08:14,70.6333,147.9167,59.02,37,95,13.49
119,Saint George,US,2022-07-28 01:08:15,37.1041,-113.5841,81.63,62,0,10.36
120,Shitanjing,CN,2022-07-28 01:08:15,39.2342,106.3439,77.25,27,8,8.43
121,Terney,RU,2022-07-28 01:08:15,45.0503,136.6092,70.54,84,64,4.03
122,Vila Do Maio,CV,2022-07-28 01:08:16,15.1333,-23.2167,79.74,82,85,1.77
123,San Patricio,US,2022-07-28 01:08:16,28.017,-97.5169,89.83,58,10,14.36
124,Komsomolskiy,UZ,2022-07-28 01:08:17,40.4272,71.7189,83.12,39,5,6.91
125,Mazyr,BY,2022-07-28 01:08:17,52.0495,29.2456,53.64,96,76,6.49
126,Wisconsin Rapids,US,2022-07-28 01:08:17,44.3836,-89.8174,75.13,69,0,4.61
127,Bethel,US,2022-07-28 01:08:18,41.3712,-73.414,76.77,70,0,1.99
128,Kloulklubed,PW,2022-07-28 01:05:01,7.0419,134.2556,82.9,72,100,7.25
129,Rocky Mountain House,CA,2022-07-28 01:04:08,52.3668,-114.9188,73.62,75,23,6.06
130,Saldanha,ZA,2022-07-28 01:08:18,-33.0117,17.9442,54.41,68,0,4.18
131,Ilulissat,GL,2022-07-28 01:08:19,69.2167,-51.1,39.78,92,100,4.47
132,Maniitsoq,GL,2022-07-28 01:09:19,65.4167,-52.9,42.31,85,18,12.35
133,Saint-Pierre,RE,2022-07-28 01:09:19,-21.3393,55.4781,67.91,70,75,8.05
134,Saint-Francois,FR,2022-07-28 01:09:20,46.4154,3.9054,54.84,88,0,3.44
135,Valleyview,CA,2022-07-28 01:09:20,55.0667,-117.2859,85.57,39,1,5.37
136,Saharsa,IN,2022-07-28 01:09:21,25.8833,86.6,84.25,73,96,2.64
137,Makakilo City,US,2022-07-28 01:09:21,21.3469,-158.0858,86.32,49,0,14.97
138,Kingston,JM,2022-07-28 01:06:10,17.997,-76.7936,81.55,88,20,13.8
139,Seydi,TM,2022-07-28 01:09:11,39.4816,62.9137,82.22,27,0,13.62
140,Esmeraldas,BR,2022-07-28 01:09:22,-19.7625,-44.3139,65.26,63,0,5.01
141,Bitung,ID,2022-07-28 01:09:22,1.4451,125.1824,88.65,77,52,12.01
142,Mar Del Plata,AR,2022-07-28 01:09:22,-38.0023,-57.5575,51.1,58,100,13.0
143,Kruisfontein,ZA,2022-07-28 01:09:23,-34.0033,24.7314,49.89,90,1,4.12
144,Bagotville,AU,2022-07-28 01:09:23,-28.9833,153.4167,65.86,55,0,4.12
145,Aljezur,PT,2022-07-28 01:09:23,37.3191,-8.8033,63.57,78,0,11.74
146,Shingu,JP,2022-07-28 01:09:24,33.7333,135.9833,83.7,76,46,6.22
147,Calama,CL,2022-07-28 01:06:30,-22.4667,-68.9333,48.69,20,41,12.66
148,Bambous Virieux,MU,2022-07-28 01:07:55,-20.3428,57.7575,67.21,81,27,10.45
149,Souillac,MU,2022-07-28 01:09:24,-20.5167,57.5167,68.56,84,9,10.87
150,Alta Floresta,BR,2022-07-28 01:09:25,-9.8756,-56.0861,73.71,38,0,2.73
151,Obo,CF,2022-07-28 01:09:25,5.3998,26.4869,67.39,98,100,1.97
152,Oranjemund,NA,2022-07-28 01:09:25,-28.55,16.4333,52.05,86,0,4.23
153,Marystown,CA,2022-07-28 01:06:28,47.1666,-55.1483,62.85,100,15,1.01
154,Tasiilaq,GL,2022-07-28 01:07:02,65.6145,-37.6368,39.36,96,82,9.33
155,Tuatapere,NZ,2022-07-28 01:09:26,-46.1333,167.6833,44.38,94,100,1.03
156,Conceicao Do Araguaia,BR,2022-07-28 01:09:26,-8.2578,-49.2647,72.09,45,5,2.35
157,Mazamari,PE,2022-07-28 01:09:27,-11.3258,-74.5308,72.12,79,35,2.19
158,Hua Hin,TH,2022-07-28 01:09:27,12.5707,99.9588,85.89,87,99,4.38
159,Waitara,NZ,2022-07-28 01:09:27,-38.925,174.25,58.5,83,32,18.79
160,Tres Picos,MX,2022-07-28 01:09:28,15.8667,-93.5333,79.32,87,100,1.81
161,Binghamton,US,2022-07-28 01:05:49,42.0987,-75.918,78.01,72,100,3.0
162,Deputatskiy,RU,2022-07-28 01:09:28,69.3,139.9,57.74,45,100,5.55
163,Vardo,NO,2022-07-28 01:08:13,70.3705,31.1107,53.58,94,75,4.61
164,Plouzane,FR,2022-07-28 01:09:29,48.3833,-4.6167,59.05,91,0,3.44
165,Udachnyy,RU,2022-07-28 01:09:29,66.4167,112.4,82.45,57,27,6.8
166,Kishtwar,IN,2022-07-28 01:09:29,33.3167,75.7667,68.05,96,100,0.74
167,Puerto Del Rosario,ES,2022-07-28 01:09:30,28.5004,-13.8627,73.15,78,75,13.8
168,Abu Samrah,SY,2022-07-28 01:09:30,35.3029,37.1841,77.65,41,0,4.27
169,Half Moon Bay,US,2022-07-28 01:09:30,37.4636,-122.4286,82.54,74,100,23.02
170,Samarai,PG,2022-07-28 01:07:10,-10.6167,150.6667,78.67,85,97,12.55
171,Eureka,US,2022-07-28 01:04:55,40.8021,-124.1637,69.21,76,30,4.0
172,Inhambane,MZ,2022-07-28 01:09:31,-23.865,35.3833,63.72,79,0,5.21
173,Hambantota,LK,2022-07-28 01:04:33,6.1241,81.1185,73.74,100,40,2.3
174,Ystad,SE,2022-07-28 01:09:32,55.4297,13.8204,53.37,87,1,12.12
175,Muros,ES,2022-07-28 01:09:32,42.7762,-9.0603,59.85,84,90,2.57
176,Naron,ES,2022-07-28 01:09:32,43.5167,-8.1528,63.01,90,17,3.6
177,Aloleng,PH,2022-07-28 01:09:33,16.1307,119.7824,83.77,77,100,5.97
178,Provideniya,RU,2022-07-28 01:10:33,64.3833,-173.3,46.36,100,100,7.0
179,Flinders,AU,2022-07-28 01:06:49,-34.5833,150.8552,65.05,57,10,7.0
180,Lorengau,PG,2022-07-28 01:10:34,-2.0226,147.2712,85.26,70,68,11.41
181,Katsuura,JP,2022-07-28 01:10:34,35.1333,140.3,84.22,79,95,11.52
182,Imbituba,BR,2022-07-28 01:10:35,-28.24,-48.6703,65.08,97,96,5.01
183,Baykit,RU,2022-07-28 01:10:35,61.67,96.37,65.73,90,100,2.1
184,Cabimas,VE,2022-07-28 01:10:35,10.3883,-71.4399,81.21,75,97,10.13
185,Sao Filipe,CV,2022-07-28 01:10:36,14.8961,-24.4956,78.8,87,99,1.41
186,Berezovyy,RU,2022-07-28 01:10:36,51.6667,135.7,76.53,64,100,2.42
187,Kahului,US,2022-07-28 01:10:36,20.8947,-156.47,87.82,48,20,23.02
188,Bredasdorp,ZA,2022-07-28 01:09:46,-34.5322,20.0403,48.99,91,0,5.57
189,Meiktila,MM,2022-07-28 01:10:37,20.8667,95.8667,83.57,65,1,8.39
190,Lebu,CL,2022-07-28 01:06:59,-37.6167,-73.65,48.69,86,8,6.33
191,Kaitangata,NZ,2022-07-28 01:09:33,-46.2817,169.8464,44.91,95,100,6.73
192,Belle Fourche,US,2022-07-28 01:10:37,44.6714,-103.8522,80.33,32,8,17.09
193,Cherskiy,RU,2022-07-28 01:07:25,68.75,161.3,54.46,47,100,4.03
194,Madang,PG,2022-07-28 01:10:38,-5.2246,145.7966,82.51,81,47,4.05
195,Berlevag,NO,2022-07-28 01:10:38,70.8578,29.0864,51.6,93,75,23.02
196,Aksu,CN,2022-07-28 01:10:39,41.1231,80.2644,86.09,24,8,3.38
197,Faya,SA,2022-07-28 01:08:45,18.3851,42.4509,63.12,66,100,5.88
198,Naze,JP,2022-07-28 01:08:29,28.3667,129.4833,81.12,82,82,16.42
199,Tiksi,RU,2022-07-28 01:09:13,71.6872,128.8694,68.52,58,73,6.49
200,Yar-Sale,RU,2022-07-28 01:10:39,66.8333,70.8333,57.27,67,100,10.13
201,Avera,US,2022-07-28 01:10:40,33.194,-82.5271,84.54,55,63,8.66
202,Senneterre,CA,2022-07-28 01:10:40,48.3835,-77.2328,63.75,75,100,4.32
203,San Lazaro,BZ,2022-07-28 01:10:40,18.0387,-88.6622,76.28,89,100,4.27
204,Coreau,BR,2022-07-28 01:10:41,-3.5333,-40.6567,74.28,67,48,1.54
205,Mehamn,NO,2022-07-28 01:10:41,71.0357,27.8492,49.91,100,100,18.41
206,Tabuk,PH,2022-07-28 01:10:41,17.4189,121.4443,81.97,79,100,2.04
207,Turbaco,CO,2022-07-28 01:10:42,10.3294,-75.4114,76.75,94,40,0.0
208,Gunnedah,AU,2022-07-28 01:10:42,-30.9833,150.25,56.46,52,9,4.83
209,Belmonte,BR,2022-07-28 01:10:42,-15.8631,-38.8828,70.16,77,0,5.93
210,Avarua,CK,2022-07-28 01:10:26,-21.2078,-159.775,78.85,65,20,19.57
211,Urumqi,CN,2022-07-28 01:10:03,43.801,87.6005,77.95,29,0,4.47
212,Baglung,NP,2022-07-28 01:10:43,28.2719,83.5898,70.59,97,100,1.03
213,Marau,BR,2022-07-28 01:10:43,-28.4492,-52.2,59.43,93,99,2.98
214,Mandera,KE,2022-07-28 01:10:44,3.9366,41.867,73.26,61,95,17.13
215,Nikolskoye,RU,2022-07-28 01:08:53,59.7035,30.7861,57.09,95,0,4.5
216,Teguldet,RU,2022-07-28 01:10:44,57.3064,88.1667,62.31,69,97,2.73
217,Taft,IR,2022-07-28 01:10:45,31.7471,54.2088,80.55,48,75,9.22
218,Itoman,JP,2022-07-28 01:10:45,26.1247,127.6694,86.4,79,40,10.36
219,Saint-Augustin,CA,2022-07-28 01:10:45,51.226,-58.6502,57.92,88,72,5.77
220,Fuerte Olimpo,PY,2022-07-28 01:10:46,-21.0415,-57.8738,76.93,34,0,5.75
221,Bogoslovka,RU,2022-07-28 01:10:46,53.2084,44.8013,63.64,88,10,5.08
222,Saint-Philippe,RE,2022-07-28 01:10:46,-21.3585,55.7679,67.59,82,19,7.27
223,Griffith,US,2022-07-28 01:10:47,41.5284,-87.4237,82.33,93,75,5.75
224,Elizabeth City,US,2022-07-28 01:10:47,36.2946,-76.2511,80.06,87,0,8.05
225,Ahipara,NZ,2022-07-28 01:08:05,-35.1667,173.1667,58.62,90,71,18.1
226,Leningradskiy,RU,2022-07-28 01:06:09,69.3833,178.4167,38.86,81,100,5.73
227,Bathsheba,BB,2022-07-28 01:11:48,13.2167,-59.5167,81.21,87,40,18.41
228,Lagoa,PT,2022-07-28 01:11:48,39.05,-27.9833,71.4,81,0,9.1
229,Turayf,SA,2022-07-28 01:11:48,31.6725,38.6637,81.16,22,0,9.31
230,Santa Cruz,BO,2022-07-28 01:11:49,-17.8,-63.1667,74.66,78,8,5.75
231,Salaga,GH,2022-07-28 01:11:49,8.5508,-0.5188,73.72,91,98,5.73
232,Rio Grande,BR,2022-07-28 01:10:35,-32.035,-52.0986,57.31,95,91,7.49
233,Araouane,ML,2022-07-28 01:08:08,18.9048,-3.5265,97.41,8,0,8.55
234,Braganca,BR,2022-07-28 01:11:50,-1.0536,-46.7656,72.57,94,84,1.74
235,Portland,US,2022-07-28 01:07:29,45.5234,-122.6762,99.55,38,20,10.36
236,Olimpia,BR,2022-07-28 01:11:50,-20.7372,-48.9147,69.21,38,0,5.75
237,Tecoanapa,MX,2022-07-28 01:11:51,16.5167,-98.75,80.1,82,100,5.95
238,Dingle,PH,2022-07-28 01:11:43,10.9995,122.6711,84.07,77,100,8.25
239,Goundi,TD,2022-07-28 01:11:51,9.3627,17.366,70.92,96,100,1.68
240,Tumut,AU,2022-07-28 01:11:51,-35.3,148.2167,46.51,91,100,2.51
241,Chingirlau,KZ,2022-07-28 01:11:52,51.095,54.0814,67.06,74,3,6.17
242,Pantai Remis,MY,2022-07-28 01:08:09,4.4557,100.6288,79.7,83,73,7.09
243,General Roca,AR,2022-07-28 01:11:52,-39.0333,-67.5833,48.61,55,2,11.45
244,Asau,RO,2022-07-28 01:09:16,46.4333,26.4,63.52,85,12,3.69
245,Cidreira,BR,2022-07-28 01:11:53,-30.1811,-50.2056,60.73,86,100,6.89
246,Miraflores,MX,2022-07-28 01:11:53,19.2167,-98.8083,57.97,96,100,6.08
247,Ixtapa,MX,2022-07-28 01:11:54,20.7,-105.2,83.23,94,100,1.01
248,Corning,US,2022-07-28 01:11:54,42.1428,-77.0547,74.64,94,51,4.03
249,Bela Vista,BR,2022-07-28 01:11:54,-22.1089,-56.5211,73.33,37,6,4.99
250,Rio Gallegos,AR,2022-07-28 01:11:55,-51.6226,-69.2181,33.85,69,0,20.71
251,Cap Malheureux,MU,2022-07-28 01:11:55,-19.9842,57.6142,67.46,79,2,3.0
252,Chapais,CA,2022-07-28 01:11:55,49.7834,-74.8492,59.77,92,100,3.53
253,Nanortalik,GL,2022-07-28 01:10:30,60.1432,-45.2371,42.51,86,95,7.63
254,Sobolevo,RU,2022-07-28 01:11:56,54.4299,31.8996,59.94,94,100,4.45
255,Bairiki,KI,2022-07-28 01:11:39,1.3292,172.9752,86.0,74,75,11.5
256,Butte,US,2022-07-28 01:11:56,39.6499,-121.5677,99.91,24,0,6.91
257,Hasaki,JP,2022-07-28 01:08:05,35.7333,140.8333,88.29,81,66,15.01
258,Sangar,RU,2022-07-28 01:11:57,63.9242,127.4739,78.3,55,0,2.28
259,Boffa,GN,2022-07-28 01:11:57,10.1667,-14.0333,73.51,94,100,2.19
260,Pemangkat,ID,2022-07-28 01:11:58,1.1667,108.9667,79.43,83,80,7.25
261,Gamba,GA,2022-07-28 01:09:23,-2.65,10.0,68.83,92,20,3.67
262,Loukhi,RU,2022-07-28 01:11:58,66.0764,33.0381,54.72,94,41,5.91
263,Luderitz,NA,2022-07-28 01:11:58,-26.6481,15.1594,55.06,74,0,2.3
264,Chiredzi,ZW,2022-07-28 01:08:13,-21.05,31.6667,56.25,59,0,2.95
265,Olafsvik,IS,2022-07-28 01:11:59,64.8945,-23.7142,48.67,81,100,28.23
266,Miri,MY,2022-07-28 01:11:59,4.4148,114.0089,80.26,77,100,2.8
267,Preobrazheniye,RU,2022-07-28 01:12:00,42.9019,133.9064,75.63,81,20,6.35
268,Biak,ID,2022-07-28 01:12:00,-0.9131,122.8766,78.08,83,80,7.72
269,Taoudenni,ML,2022-07-28 01:12:00,22.6783,-3.9836,99.12,6,5,16.2
270,Cockburn Town,TC,2022-07-28 01:09:03,21.4612,-71.1419,81.37,77,0,20.22
271,Evensk,RU,2022-07-28 01:12:01,61.95,159.2333,57.96,55,59,1.63
272,Chuy,UY,2022-07-28 01:11:02,-33.6971,-53.4616,58.91,99,100,6.06
273,Neftcala,AZ,2022-07-28 01:12:01,39.3742,49.2472,77.85,71,0,15.86
274,Feroke,IN,2022-07-28 01:12:02,11.1774,75.8337,74.34,94,75,0.0
275,Sao Joao Da Barra,BR,2022-07-28 01:10:28,-21.6403,-41.0511,69.4,80,0,9.8
276,Norman Wells,CA,2022-07-28 01:08:29,65.282,-126.8329,66.74,40,100,2.26
277,Viedma,AR,2022-07-28 01:13:02,-40.8135,-62.9967,44.91,89,60,10.47
278,East London,ZA,2022-07-28 01:13:03,-33.0153,27.9116,63.88,76,100,8.61
279,Pekan,MY,2022-07-28 01:13:03,3.4836,103.3996,79.38,86,51,5.61
280,Ruteng,ID,2022-07-28 01:13:04,-8.6136,120.4721,69.26,57,7,2.15
281,Esperance,AU,2022-07-28 01:13:04,-33.8667,121.9,56.59,60,0,17.54
282,Awjilah,LY,2022-07-28 01:13:04,29.1081,21.2869,80.71,53,0,8.97
283,Ivybridge,GB,2022-07-28 01:13:05,50.3904,-3.9191,55.85,84,100,3.69
284,Ponta Do Sol,PT,2022-07-28 01:12:38,32.6667,-17.1,72.23,73,0,5.08
285,Alice Springs,AU,2022-07-28 01:13:05,-23.7,133.8833,54.95,33,6,8.05
286,Flagstaff,US,2022-07-28 01:13:06,35.1981,-111.6513,73.53,84,0,3.44
287,Chernyshevskiy,RU,2022-07-28 01:13:06,63.0128,112.4714,79.14,62,0,8.5
288,Weligama,LK,2022-07-28 01:13:06,5.9667,80.4167,75.07,91,92,7.78
289,Bongandanga,CD,2022-07-28 01:13:07,1.5,21.05,70.18,98,100,0.58
290,Yumen,CN,2022-07-28 01:08:26,40.2833,97.2,82.94,15,99,5.95
291,Pevek,RU,2022-07-28 01:13:07,69.7008,170.3133,35.74,88,96,2.57
292,Koplik,AL,2022-07-28 01:13:08,42.2136,19.4364,74.8,66,28,4.14
293,Sitka,US,2022-07-28 01:13:08,57.0531,-135.33,60.69,77,100,3.44
294,Minggang,CN,2022-07-28 01:13:08,32.4586,114.0486,75.54,91,100,1.41
295,Santa Rosa,PH,2022-07-28 01:11:02,14.3122,121.1114,86.09,80,100,7.31
296,Simao,CN,2022-07-28 01:13:09,22.7886,100.9748,68.76,92,100,0.87
297,Nantucket,US,2022-07-28 01:12:56,41.2835,-70.0995,75.25,83,0,6.91
298,Mandalgovi,MN,2022-07-28 01:13:09,45.7625,106.2708,64.22,46,100,21.47
299,Aksarka,RU,2022-07-28 01:13:10,66.5606,67.7975,58.12,70,100,10.0
300,Urusha,RU,2022-07-28 01:13:10,54.05,122.9,69.33,89,100,4.83
301,Mayo,US,2022-07-28 01:08:59,38.8876,-76.5119,84.2,87,20,4.61
302,Tomohon,ID,2022-07-28 01:13:11,1.3346,124.8392,79.74,78,48,3.74
303,Codrington,AU,2022-07-28 01:13:11,-38.2667,141.9667,51.04,77,100,8.55
304,Mangan,IN,2022-07-28 01:13:11,27.5167,88.5333,75.69,92,95,1.03
305,Athabasca,CA,2022-07-28 01:13:12,54.7169,-113.2854,80.69,50,40,4.47
306,Gundorovskiy,RU,2022-07-28 01:13:12,46.7805,41.8968,67.75,59,1,4.99
307,Pizarro,CO,2022-07-28 01:13:12,4.9533,-77.366,75.83,90,89,5.84
308,Salinas,US,2022-07-28 01:13:13,36.6777,-121.6555,79.61,71,0,14.97
309,Constitucion,CL,2022-07-28 01:12:49,-35.3333,-72.4167,49.12,80,7,3.04
310,Lazaro Cardenas,MX,2022-07-28 01:13:13,17.9583,-102.2,81.75,75,100,3.02
311,San Jose,US,2022-07-28 01:13:14,37.3394,-121.895,86.85,51,75,11.5
312,Dauphin,CA,2022-07-28 01:13:14,51.1494,-100.0502,60.94,77,100,8.05
313,Rastede,DE,2022-07-28 01:13:14,53.25,8.2,53.08,89,100,5.48
314,Samana,DO,2022-07-28 01:13:15,19.2056,-69.3369,76.48,88,0,8.39
315,Qaqortoq,GL,2022-07-28 01:13:15,60.7167,-46.0333,42.4,84,19,3.53
316,Tautira,PF,2022-07-28 01:13:15,-17.7333,-149.15,76.84,79,48,26.73
317,Pampierstad,ZA,2022-07-28 01:13:16,-27.7832,24.6877,55.83,56,94,11.25
318,Pedernales,DO,2022-07-28 01:13:16,18.0384,-71.744,80.22,76,99,3.56
319,Mweka,CD,2022-07-28 01:13:16,-4.85,21.5667,67.12,61,37,0.22
320,Krasnokamensk,RU,2022-07-28 01:13:17,50.0979,118.0369,68.11,71,84,2.3
321,Moose Factory,CA,2022-07-28 01:13:17,51.2585,-80.6094,64.38,94,100,5.75
322,Ostersund,SE,2022-07-28 01:13:17,63.1792,14.6357,46.85,87,100,13.8
323,Emirdag,TR,2022-07-28 01:13:18,39.0197,31.15,66.87,42,0,2.01
324,Waddan,LY,2022-07-28 01:14:18,29.1614,16.139,79.11,40,0,6.13
325,Santiago Del Estero,AR,2022-07-28 01:11:26,-27.7951,-64.2615,71.69,47,22,15.05
326,Antofagasta,CL,2022-07-28 01:13:48,-23.65,-70.4,56.48,86,100,7.65
327,Hualmay,PE,2022-07-28 01:14:19,-11.0964,-77.6139,62.26,84,41,12.3
328,Iqaluit,CA,2022-07-28 01:14:19,63.7506,-68.5145,43.47,77,99,4.34
329,Novyy Svit,UA,2022-07-28 01:14:20,47.8059,38.0211,70.18,59,8,5.61
330,Inzer,RU,2022-07-28 01:14:20,54.2167,57.5556,59.27,97,100,2.1
331,Las Vegas,US,2022-07-28 01:09:25,36.175,-115.1372,97.48,34,0,11.5
332,Port Blair,IN,2022-07-28 01:13:46,11.6667,92.75,82.6,76,99,4.41
333,Ostrovnoy,RU,2022-07-28 01:13:50,68.0531,39.5131,58.98,90,100,15.9
334,San Cristobal,VE,2022-07-28 01:12:27,7.7669,-72.225,68.18,95,27,2.33
335,Sarangani,PH,2022-07-28 01:14:21,5.4033,125.4636,82.53,76,67,5.1
336,Piran,SI,2022-07-28 01:14:21,45.5278,13.5706,78.91,82,0,3.44
337,Jinchang,CN,2022-07-28 01:14:21,38.4953,102.1739,79.07,21,24,7.36
338,Oga,IT,2022-07-28 01:14:22,46.4631,10.347,58.8,88,91,2.89
339,Nemuro,JP,2022-07-28 01:11:50,43.3236,145.575,63.9,94,64,6.85
340,Djambala,CG,2022-07-28 01:14:22,-2.5447,14.7533,69.22,61,12,3.96
341,Roma,US,2022-07-28 01:14:23,43.2128,-75.4557,73.72,82,0,0.0
342,Wanaka,NZ,2022-07-28 01:14:23,-44.7,169.15,47.1,83,96,1.99
343,Sinnamary,GF,2022-07-28 01:14:23,5.3833,-52.95,78.26,84,98,4.41
344,Teguise,ES,2022-07-28 01:14:24,29.0605,-13.564,70.02,78,100,17.27
345,Coolum Beach,AU,2022-07-28 01:14:24,-26.5333,153.1,67.1,51,5,6.76
346,Praya,CV,2022-07-28 01:14:25,14.9215,-23.5087,79.81,82,60,2.35
347,Vyshchetarasivka,UA,2022-07-28 01:14:25,47.5685,34.881,71.92,62,10,4.76
348,Smolensk,RU,2022-07-28 01:14:25,55.0,33.0,60.15,94,100,3.53
349,Cao Bang,VN,2022-07-28 01:14:26,22.6667,106.25,81.54,72,99,2.48
350,Guane,CU,2022-07-28 01:14:26,22.2025,-84.0875,79.92,79,63,3.87
351,Coihaique,CL,2022-07-28 01:14:26,-45.5752,-72.0662,39.15,65,0,2.3
352,Atambua,ID,2022-07-28 01:14:27,-9.1061,124.8925,76.87,53,73,5.37
353,Beba,CU,2022-07-28 01:14:27,22.4437,-79.7253,78.71,83,100,11.43
354,Brae,GB,2022-07-28 01:14:27,60.3964,-1.353,52.0,80,61,6.31
355,Safaga,EG,2022-07-28 01:14:28,26.7292,33.9365,86.67,35,96,5.59
356,Korla,CN,2022-07-28 01:14:28,41.7597,86.1469,86.74,19,0,6.2
357,Okhotsk,RU,2022-07-28 01:14:29,59.3833,143.3,64.15,79,25,2.06
358,Prince Rupert,CA,2022-07-28 01:14:29,54.3161,-130.3201,67.69,82,26,14.97
359,Kimberley,ZA,2022-07-28 01:14:29,-28.7323,24.7623,51.49,71,7,9.22
360,Mier,MX,2022-07-28 01:14:30,26.4333,-99.15,92.86,41,83,23.64
361,Bilma,NE,2022-07-28 01:11:41,18.6853,12.9164,87.37,24,63,14.81
362,Djibo,BF,2022-07-28 01:14:30,14.1022,-1.6306,84.72,60,32,18.77
363,Barvinkove,UA,2022-07-28 01:14:31,48.9097,37.0205,66.36,69,1,4.7
364,Keti Bandar,PK,2022-07-28 01:14:31,24.1447,67.4497,81.66,84,94,10.76
365,Kulhudhuffushi,MV,2022-07-28 01:13:56,6.6221,73.07,81.66,75,94,15.39
366,Oksfjord,NO,2022-07-28 01:14:21,70.2396,22.3479,52.0,97,100,13.2
367,Kushiro,JP,2022-07-28 01:14:32,42.975,144.3747,73.44,82,7,1.34
368,Brokopondo,SR,2022-07-28 01:14:32,4.75,-55.1667,76.91,87,100,4.34
369,Kawalu,ID,2022-07-28 01:14:32,-7.3817,108.2082,75.9,84,77,2.75
370,Kieta,PG,2022-07-28 01:14:33,-6.2167,155.6333,85.53,65,18,9.04
371,Zhanjiang,CN,2022-07-28 01:14:33,21.2815,110.3427,85.24,73,5,4.79
372,Pangoa,PE,2022-07-28 01:14:33,-12.1167,-73.0,71.87,76,94,2.24
373,Marsabit,KE,2022-07-28 01:15:34,2.3284,37.9899,59.27,77,99,17.58
374,Zhanakorgan,KZ,2022-07-28 01:15:34,43.9098,67.2495,76.6,35,22,8.43
375,Turukhansk,RU,2022-07-28 01:15:34,65.8167,87.9833,61.9,86,100,4.76
376,Sorong,ID,2022-07-28 01:15:36,-0.8833,131.25,81.1,80,13,2.57
377,Banjar,ID,2022-07-28 01:15:36,-8.19,114.9675,81.9,70,72,2.01
378,Marawi,PH,2022-07-28 01:15:36,7.9986,124.2928,78.71,72,89,1.36
379,Assiniboia,CA,2022-07-28 01:15:37,49.6334,-105.9845,73.22,31,47,6.91
380,Vostok,RU,2022-07-28 01:15:37,46.4856,135.8833,79.41,58,10,3.78
381,Bhindar,IN,2022-07-28 01:15:37,24.5,74.1833,77.25,96,100,6.85
382,Roald,NO,2022-07-28 01:15:38,62.5833,6.1333,49.91,87,40,3.44
383,Gallup,US,2022-07-28 01:12:09,35.5281,-108.7426,73.24,53,100,10.36
384,Senanga,ZM,2022-07-28 01:15:38,-16.1167,23.2667,54.05,60,5,6.04
385,Kirovsk,UA,2022-07-28 01:15:39,48.6375,38.6428,66.9,71,2,3.15
386,Kavieng,PG,2022-07-28 01:13:49,-2.5744,150.7967,85.1,71,20,18.52
387,Talca,CL,2022-07-28 01:15:39,-35.4333,-71.6667,46.85,81,0,2.59
388,Tacoronte,ES,2022-07-28 01:15:40,28.4769,-16.4102,75.13,94,75,24.16
389,Thinadhoo,MV,2022-07-28 01:15:40,0.5333,72.9333,83.12,72,97,14.41
390,Pangnirtung,CA,2022-07-28 01:11:17,66.1451,-65.7125,56.48,64,100,1.32
391,Staryy Nadym,RU,2022-07-28 01:15:41,65.6118,72.6842,56.93,67,0,9.73
392,Barra Do Garcas,BR,2022-07-28 01:13:53,-15.89,-52.2567,71.1,34,0,1.97
393,Iracoubo,GF,2022-07-28 01:15:41,5.4802,-53.2011,78.04,84,97,4.5
394,Rochegda,RU,2022-07-28 01:15:41,62.8,43.25,61.25,98,18,4.65
395,Hearst,CA,2022-07-28 01:15:42,49.6835,-83.6665,59.25,94,74,4.92
396,Tura,IN,2022-07-28 01:15:42,25.5198,90.2201,77.07,89,77,3.24
397,Milas,TR,2022-07-28 01:15:43,37.3164,27.7839,67.35,64,0,2.3
398,Tonekabon,IR,2022-07-28 01:15:43,36.8163,50.8738,75.15,91,99,2.89
399,Luganville,VU,2022-07-28 01:15:43,-15.5333,167.1667,82.87,72,89,7.72
400,Parnu-Jaagupi,EE,2022-07-28 01:15:44,58.6105,24.5069,59.72,93,100,4.21
401,Gazanjyk,TM,2022-07-28 01:15:44,39.2446,55.5154,84.99,41,90,8.95
402,Grand-Santi,GF,2022-07-28 01:15:45,4.25,-54.3833,72.59,99,100,1.95
403,Vestmannaeyjar,IS,2022-07-28 01:15:45,63.4427,-20.2734,52.21,80,86,15.12
404,Touros,BR,2022-07-28 01:10:57,-5.1989,-35.4608,73.98,84,11,11.16
405,Sorland,NO,2022-07-28 01:15:45,67.667,12.6934,49.86,79,14,13.09
406,Port Hedland,AU,2022-07-28 01:15:46,-20.3167,118.5667,75.25,31,0,11.5
407,Sydney,AU,2022-07-28 01:13:41,-33.8679,151.2073,64.31,56,0,13.8
408,Mezen,RU,2022-07-28 01:15:46,65.8522,44.24,61.84,91,93,7.72
409,Yurga,RU,2022-07-28 01:15:47,55.7231,84.8861,64.36,78,16,5.59
410,Cabo San Lucas,MX,2022-07-28 01:12:18,22.8909,-109.9124,88.61,51,20,14.97
411,Yuxia,CN,2022-07-28 01:15:47,34.0615,108.6291,77.61,63,0,3.18
412,Ulm,DE,2022-07-28 01:12:56,48.3984,9.9916,61.79,76,100,6.89
413,Southbridge,US,2022-07-28 01:15:48,42.0751,-72.0334,75.29,78,100,2.13
414,Midland,US,2022-07-28 01:14:21,31.9974,-102.0779,97.47,24,0,16.11
415,Mana,GF,2022-07-28 01:15:48,5.6592,-53.7767,76.8,88,93,4.47
416,Olinda,BR,2022-07-28 01:15:48,-8.0089,-34.8553,73.13,83,100,5.75
417,Brandon,US,2022-07-28 01:15:49,27.9378,-82.2859,85.91,90,70,4.0
418,Pozzallo,IT,2022-07-28 01:15:49,36.7305,14.8499,80.01,78,0,1.66
419,Shelburne,CA,2022-07-28 01:15:49,44.0787,-80.2041,69.24,54,35,6.44
420,Caceres,ES,2022-07-28 01:16:50,39.522,-6.3748,69.24,43,0,5.44
421,Vakhtan,RU,2022-07-28 01:16:50,57.9659,46.6889,57.49,88,7,4.9
422,Micheweni,TZ,2022-07-28 01:16:50,-4.9667,39.8333,72.93,85,52,9.91
423,Bereda,ES,2022-07-28 01:16:51,43.2686,-7.5406,56.57,100,20,1.12
424,Maneadero,MX,2022-07-28 01:16:51,31.7167,-116.5667,72.1,76,12,4.0
425,Port Moresby,PG,2022-07-28 01:16:52,-9.4431,147.1797,82.31,73,65,13.82
426,Ancud,CL,2022-07-28 01:16:52,-41.8697,-73.8203,44.29,91,22,4.94
427,Mecca,SA,2022-07-28 01:12:07,21.4267,39.8261,87.89,59,90,9.69
428,Maracacume,BR,2022-07-28 01:16:52,-2.0428,-45.9592,73.24,91,52,3.96
429,Ken Caryl,US,2022-07-28 01:16:53,39.5773,-105.1169,84.16,46,100,7.0
430,Shenjiamen,CN,2022-07-28 01:16:53,29.9576,122.298,81.9,83,3,14.85
431,Honningsvag,NO,2022-07-28 01:16:53,70.9821,25.9704,49.75,81,100,20.71
432,Matara,LK,2022-07-28 01:16:54,5.9485,80.5353,74.86,91,100,7.02
433,Pacasmayo,PE,2022-07-28 01:16:54,-7.4006,-79.5714,62.49,87,41,15.28
434,Acajutla,SV,2022-07-28 01:16:55,13.5928,-89.8275,79.66,82,64,1.79
435,Vigrestad,NO,2022-07-28 01:16:55,58.5667,5.7,50.59,77,69,19.44
436,Kentau,KZ,2022-07-28 01:16:55,43.5206,68.5094,78.42,32,53,5.32
437,Solnechnyy,RU,2022-07-28 01:16:56,50.7214,136.6319,76.5,63,100,4.05
438,Pacific Grove,US,2022-07-28 01:12:51,36.6177,-121.9166,76.24,83,40,6.91
439,California City,US,2022-07-28 01:12:45,35.1258,-117.9859,99.95,15,0,25.32
440,Casalpusterlengo,IT,2022-07-28 01:16:56,45.1769,9.6491,77.54,74,4,9.46
441,Khorixas,NA,2022-07-28 01:16:57,-20.3667,14.9667,59.81,27,72,5.55
442,Cairns,AU,2022-07-28 01:16:57,-16.9167,145.7667,80.06,66,40,20.71
443,Strezhevoy,RU,2022-07-28 01:16:57,60.7333,77.5889,58.46,72,45,8.05
444,Shimanovsk,RU,2022-07-28 01:16:42,52.0,127.7,79.95,59,69,10.27
445,Bagdarin,RU,2022-07-28 01:16:58,54.4333,113.6,55.8,95,100,3.11
446,Hailar,CN,2022-07-28 01:16:58,49.2,119.7,70.43,74,100,13.18
447,Williamsport,US,2022-07-28 01:15:12,41.2412,-77.0011,77.02,72,100,0.0
448,Buxar,IN,2022-07-28 01:16:59,25.5833,83.9833,86.97,63,100,4.5
449,Hit,IQ,2022-07-28 01:16:59,33.6416,42.8251,89.55,14,0,6.82
450,Sidhi,IN,2022-07-28 01:16:59,24.4167,81.8833,79.27,80,100,4.63
451,Butterworth,MY,2022-07-28 01:17:00,5.3991,100.3638,82.44,85,20,5.75
452,Guerrero Negro,MX,2022-07-28 01:17:00,27.9769,-114.0611,72.82,70,45,16.82
453,Leesburg,US,2022-07-28 01:16:48,39.1157,-77.5636,82.24,88,0,3.44
454,Abha,SA,2022-07-28 01:17:01,18.2164,42.5053,64.22,72,40,10.36
455,Acarau,BR,2022-07-28 01:12:37,-2.8856,-40.12,79.3,77,100,15.08
456,Richards Bay,ZA,2022-07-28 01:17:01,-28.783,32.0377,66.25,84,92,6.53
457,Iwanai,JP,2022-07-28 01:17:02,42.9744,140.5089,78.37,70,78,4.61
458,Guangyuan,CN,2022-07-28 01:17:02,32.442,105.823,79.83,66,0,2.24
459,Kavaratti,IN,2022-07-28 01:17:02,10.5669,72.642,78.89,85,100,17.98
460,Georgetown,MY,2022-07-28 01:16:12,5.4112,100.3354,82.33,85,20,5.75
461,Kurumkan,RU,2022-07-28 01:17:03,54.3,110.3,55.49,98,100,2.08
462,Mackay,AU,2022-07-28 01:14:04,-21.15,149.2,69.67,53,0,13.69
463,Hobyo,SO,2022-07-28 01:17:03,5.3505,48.5268,74.82,82,100,23.89
464,Garowe,SO,2022-07-28 01:17:04,8.4054,48.4845,72.5,61,71,26.17
465,Winneba,GH,2022-07-28 01:17:04,5.3511,-0.6231,74.1,92,34,13.38
466,Narsaq,GL,2022-07-28 01:17:04,60.9167,-46.05,50.22,85,9,4.41
467,Huanren,CN,2022-07-28 01:12:28,41.2647,125.3667,81.27,69,100,3.94
468,Praia,CV,2022-07-28 01:18:05,14.9215,-23.5087,79.81,82,60,2.35
469,Kismayo,SO,2022-07-28 01:18:05,-0.3582,42.5454,75.18,75,100,14.72
470,Tocopilla,CL,2022-07-28 01:17:07,-22.092,-70.1979,62.1,73,92,11.01
471,Latung,PH,2022-07-28 01:18:06,5.5,120.8833,82.9,71,31,4.36
472,Pittsburg,US,2022-07-28 01:18:06,38.028,-121.8847,95.29,29,0,13.8
473,Kurchum,KZ,2022-07-28 01:18:07,48.5722,83.6542,74.07,33,7,3.98
474,Aswan,EG,2022-07-28 01:18:07,24.0934,32.907,86.22,19,5,9.46
475,Nebug,RU,2022-07-28 01:18:07,44.1714,39.0036,65.84,81,0,4.07
476,Granada,ES,2022-07-28 01:18:08,37.25,-3.25,70.3,35,0,1.99
477,Zhangye,CN,2022-07-28 01:18:08,38.9342,100.4517,79.14,23,77,7.74
478,Mount Isa,AU,2022-07-28 01:15:25,-20.7333,139.5,71.37,26,0,12.66
479,Awbari,LY,2022-07-28 01:18:08,26.5921,12.7805,80.38,15,0,7.34
480,Key West,US,2022-07-28 01:17:54,24.5557,-81.7826,89.6,74,75,16.11
481,Sabang,ID,2022-07-28 01:13:56,5.8933,95.3214,80.82,76,56,4.07
482,Kosa,RU,2022-07-28 01:18:09,59.9445,54.9977,52.7,82,8,2.82
483,Hamilton,US,2022-07-28 01:14:10,39.1834,-84.5333,80.1,84,0,5.75
484,Bambanglipuro,ID,2022-07-28 01:16:58,-7.95,110.2833,78.42,80,60,4.68
485,Virginia Beach,US,2022-07-28 01:15:17,36.8529,-75.978,84.99,87,100,10.36
486,Altay,CN,2022-07-28 01:18:10,47.8667,88.1167,72.27,32,14,1.86
487,Corner Brook,CA,2022-07-28 01:16:55,48.9667,-57.9484,60.96,96,0,1.81
488,Lompoc,US,2022-07-28 01:18:10,34.6391,-120.4579,73.54,77,20,13.8
489,Zabol,AF,2022-07-28 01:18:11,32.25,67.25,73.89,68,78,13.2
490,Port Hardy,CA,2022-07-28 01:18:11,50.6996,-127.4199,75.38,60,20,9.22
491,Pachino,IT,2022-07-28 01:18:12,36.7186,15.0907,80.15,76,0,1.9
492,Amapa,BR,2022-07-28 01:18:12,1.0,-52.0,72.34,91,22,2.51
493,Aklavik,CA,2022-07-28 01:18:12,68.2191,-135.0107,60.39,44,98,19.42
494,Rafai,CF,2022-07-28 01:18:13,4.95,23.9167,67.91,99,100,2.59
495,Lamar,US,2022-07-28 01:18:13,33.6668,-95.5836,96.71,34,0,8.05
496,Arrifes,PT,2022-07-28 01:18:13,37.7667,-25.7,71.85,83,75,3.44
497,Surin,TH,2022-07-28 01:16:13,14.8818,103.4936,81.0,99,99,6.82
498,Parana,AR,2022-07-28 01:18:14,-31.732,-60.5238,60.57,83,100,14.38
499,Narasannapeta,IN,2022-07-28 01:18:14,18.4167,84.05,80.6,83,100,3.69
500,Centralia,US,2022-07-28 01:18:15,46.7162,-122.9543,93.96,46,0,5.75
501,Hauterive,FR,2022-07-28 01:16:53,46.0901,3.4459,57.96,73,0,1.99
502,Yarada,IN,2022-07-28 01:18:15,17.65,83.2667,79.12,100,20,2.3
503,Caravelas,BR,2022-07-28 01:18:15,-17.7125,-39.2481,68.79,83,4,2.84
504,Villa Carlos Paz,AR,2022-07-28 01:13:37,-31.4241,-64.4978,53.38,47,100,8.01
505,Dunedin,NZ,2022-07-28 01:18:16,-45.8742,170.5036,46.8,86,100,5.99
506,Clyde River,CA,2022-07-28 01:18:16,70.4692,-68.5914,37.63,100,100,6.91
507,Muisne,EC,2022-07-28 01:18:17,0.6,-80.0333,74.1,88,100,8.61
508,Mangaluru,IN,2022-07-28 01:18:17,12.8667,74.8833,76.06,94,75,5.75
509,Sungai Besar,MY,2022-07-28 01:18:17,3.6746,100.9867,80.89,77,17,6.82
510,Geraldton,AU,2022-07-28 01:14:59,-28.7667,114.6,61.21,72,40,10.36
511,Abu Dhabi,AE,2022-07-28 01:14:29,24.4667,54.3667,87.96,60,99,11.5
512,Palu,ID,2022-07-28 01:18:18,-0.8917,119.8707,78.22,93,86,1.61
513,Ombessa,CM,2022-07-28 01:18:18,4.603,11.2565,68.85,98,97,4.27
514,Haines Junction,CA,2022-07-28 01:18:19,60.7522,-137.5108,55.35,71,100,4.61
515,Mastic Beach,US,2022-07-28 01:18:19,40.7668,-72.8521,76.98,80,0,8.99
516,Karad,IN,2022-07-28 01:19:19,17.2833,74.2,74.26,87,100,2.68
517,Pochutla,MX,2022-07-28 01:19:20,15.7432,-96.4661,80.82,87,66,0.4
518,Tuy Hoa,VN,2022-07-28 01:19:20,13.0833,109.3,83.44,72,12,4.65
519,Lima,PE,2022-07-28 01:16:20,-12.0432,-77.0282,60.91,86,100,11.5
520,Naica,MX,2022-07-28 01:19:21,27.85,-105.4833,87.08,32,94,15.19
521,Machico,PT,2022-07-28 01:19:21,32.7,-16.7667,72.23,65,20,17.27
522,Lexington,US,2022-07-28 01:16:18,37.9887,-84.4777,80.49,86,20,0.0
523,Yurino,RU,2022-07-28 01:19:21,56.2942,46.3039,60.3,90,11,3.38
524,Okha,RU,2022-07-28 01:19:22,53.5739,142.9478,63.07,69,11,11.59
525,San Vicente,AR,2022-07-28 01:19:22,-26.6167,-54.1333,62.04,75,61,2.19
526,Progreso,MX,2022-07-28 01:19:23,21.2833,-89.6667,76.1,82,34,17.65
527,Ust-Maya,RU,2022-07-28 01:19:23,60.4167,134.5333,81.52,47,95,2.39
528,Waitakere,NZ,2022-07-28 01:19:23,-36.9175,174.6577,60.62,87,75,20.71
529,Yulara,AU,2022-07-28 01:19:24,-25.2406,130.9889,53.46,29,10,12.62
530,Kemijarvi,FI,2022-07-28 01:19:24,66.7131,27.4306,49.6,95,62,6.33
531,Namibe,AO,2022-07-28 01:18:04,-15.1961,12.1522,62.53,81,73,8.16
532,Kudahuvadhoo,MV,2022-07-28 01:19:24,2.6708,72.8944,82.26,75,100,14.63
533,Alanya,TR,2022-07-28 01:19:25,36.5438,31.9998,73.53,40,0,4.83
534,Sassandra,CI,2022-07-28 01:19:25,4.95,-6.0833,73.08,88,82,8.99
535,Tortoli,IT,2022-07-28 01:19:25,39.9256,9.6572,76.82,88,20,9.22
536,Murwillumbah,AU,2022-07-28 01:19:26,-28.3167,153.4,68.99,42,4,10.36
537,Buchanan,LR,2022-07-28 01:19:26,5.8808,-10.0467,74.86,85,100,10.02
538,Markivka,UA,2022-07-28 01:19:27,49.5229,39.5705,67.59,78,67,5.86
539,Cabinda,AO,2022-07-28 01:19:27,-5.55,12.2,69.44,92,87,5.12
540,Catalina,US,2022-07-28 01:19:27,32.5056,-110.9211,84.6,51,99,13.82
541,Jiehu,CN,2022-07-28 01:19:28,35.5428,118.455,81.41,80,97,3.78
542,Severnyy,RU,2022-07-28 01:19:28,50.677,36.5532,68.04,77,0,4.47
543,Mission,US,2022-07-28 01:19:28,26.2159,-98.3253,87.64,65,0,11.5
544,Formosa,AR,2022-07-28 01:19:29,-26.1775,-58.1781,75.18,64,0,9.22
545,Hervey Bay,AU,2022-07-28 01:19:29,-25.2986,152.8535,63.5,62,0,9.66
546,Manggar,ID,2022-07-28 01:19:29,-2.8833,108.2667,79.59,84,100,13.58
547,Gold Coast,AU,2022-07-28 01:18:57,-28.0,153.4333,69.04,49,6,10.36
548,Martinez,US,2022-07-28 01:14:58,38.0194,-122.1341,91.94,55,0,13.8
549,Erzin,TR,2022-07-28 01:19:30,36.9559,36.2,75.79,53,0,2.46
550,Oarai,JP,2022-07-28 01:19:30,36.3167,140.6,91.35,78,100,5.01
551,Vilyuysk,RU,2022-07-28 01:19:31,63.7553,121.6247,81.07,47,36,7.11
552,Marsh Harbour,BS,2022-07-28 01:19:31,26.5412,-77.0636,82.33,73,26,11.07
553,Alofi,NU,2022-07-28 01:19:32,-19.0595,-169.9187,78.69,78,17,16.11
554,Bria,CF,2022-07-28 01:19:32,6.5423,21.9863,68.99,95,100,1.79
555,Mokhsogollokh,RU,2022-07-28 01:19:32,61.4681,128.9203,82.4,42,0,2.8
556,Karakol,KG,2022-07-28 01:19:33,42.4907,78.3936,71.65,35,17,3.22
557,Isabela,PH,2022-07-28 01:19:33,6.7085,121.9711,82.45,66,100,3.58
558,Margate,GB,2022-07-28 01:19:33,51.3813,1.3862,63.9,78,100,3.0
559,Ranong,TH,2022-07-28 01:19:02,9.9658,98.6348,78.73,85,100,1.72
560,Porbandar,IN,2022-07-28 01:19:34,21.6422,69.6093,80.65,81,88,6.67
561,Lamont,US,2022-07-28 01:20:35,35.2597,-118.9143,99.0,20,5,8.23
562,Honavar,IN,2022-07-28 01:20:35,14.2833,74.45,78.15,90,60,3.11
563,Vagur,FO,2022-07-28 01:20:35,61.4732,-6.8119,51.64,93,93,14.5
564,Uromi,NG,2022-07-28 01:20:36,6.7,6.3333,69.89,98,100,5.17
565,Kashi,CN,2022-07-28 01:20:36,39.4547,75.9797,83.41,26,20,8.95
566,Malindi,KE,2022-07-28 01:20:36,-3.2175,40.1191,73.81,82,51,13.78
567,Bubaque,GW,2022-07-28 01:20:37,11.2833,-15.8333,80.13,77,100,9.82
568,Kharp,RU,2022-07-28 01:20:37,66.8014,65.8081,59.88,69,99,3.67
569,Ilhabela,BR,2022-07-28 01:20:37,-23.7781,-45.3581,66.47,89,9,4.12
570,Bandarbeyla,SO,2022-07-28 01:20:38,9.4942,50.8122,76.73,72,99,26.71
571,Santa Isabel Do Rio Negro,BR,2022-07-28 01:20:38,-0.4139,-65.0192,74.43,90,100,1.95
572,Diapaga,BF,2022-07-28 01:20:39,12.0708,1.7889,76.01,82,64,7.63
573,Ugoofaaru,MV,2022-07-28 01:20:39,5.6667,73.0,82.0,73,100,15.1
574,Sambava,MG,2022-07-28 01:20:39,-14.2667,50.1667,66.94,82,67,6.91
575,Tarakan,ID,2022-07-28 01:20:40,3.3,117.6333,76.5,94,75,4.61
576,Lakatoro,VU,2022-07-28 01:20:40,-16.0999,167.4164,82.9,70,87,6.6
577,Barra Patuca,HN,2022-07-28 01:20:40,15.8,-84.2833,80.08,81,1,9.08
578,Emba,KZ,2022-07-28 01:20:41,48.8264,58.1442,67.37,70,14,7.05
579,Zeya,RU,2022-07-28 01:20:41,53.75,127.2667,70.79,92,100,6.08
580,Thessalon,CA,2022-07-28 01:18:04,46.2501,-83.5666,62.89,87,2,6.98
581,Biltine,TD,2022-07-28 01:20:42,14.5333,20.9167,72.57,84,100,16.75
582,Viransehir,TR,2022-07-28 01:20:42,37.2353,39.7631,84.43,15,0,7.27
583,Paamiut,GL,2022-07-28 01:20:42,61.994,-49.6678,42.03,93,69,17.31
584,Igarka,RU,2022-07-28 01:20:43,67.4667,86.5833,59.2,78,86,10.96
585,Najran,SA,2022-07-28 01:20:43,17.4924,44.1277,81.25,49,98,4.97
586,Boda,CF,2022-07-28 01:20:43,4.3189,17.4695,69.87,94,100,3.65
587,Lafia,NG,2022-07-28 01:20:44,8.4833,8.5167,73.49,97,100,3.58
588,Dinguiraye,GN,2022-07-28 01:20:44,11.3,-10.7167,69.04,99,95,2.95
589,Pa Daet,TH,2022-07-28 01:20:44,19.5049,99.9924,83.16,76,11,1.28
590,Trelew,AR,2022-07-28 01:20:45,-43.249,-65.3051,41.0,79,5,13.58
591,Itarema,BR,2022-07-28 01:20:45,-2.9248,-39.9167,79.05,77,100,14.61
592,La Ronge,CA,2022-07-28 01:20:45,55.1001,-105.2842,71.85,33,40,8.05
593,Vung Tau,VN,2022-07-28 01:20:46,10.346,107.0843,81.01,81,52,4.63
594,Coromandel,BR,2022-07-28 01:20:46,-18.4733,-47.2003,60.98,51,0,3.65
595,Dabakala,CI,2022-07-28 01:20:47,8.3667,-4.4333,71.51,94,46,5.41
596,Havelock,US,2022-07-28 01:20:47,34.8791,-76.9013,84.16,88,48,5.99
597,Tonj,SS,2022-07-28 01:20:47,7.2737,28.6822,69.91,95,100,2.13
598,Kirakira,SB,2022-07-28 01:20:48,-10.4544,161.9205,84.67,68,100,6.98
599,Wakema,MM,2022-07-28 01:20:48,16.6,95.1833,82.42,80,74,7.78
600,Empalme,MX,2022-07-28 01:20:48,27.9667,-110.8167,89.92,79,75,11.5
601,Petropavlovsk-Kamchatskiy,RU,2022-07-28 01:20:49,53.0452,158.6483,73.99,43,40,4.47
602,Mitsamiouli,KM,2022-07-28 01:20:49,-11.3847,43.2844,75.51,72,29,6.15
603,Halvad,IN,2022-07-28 01:20:49,23.0167,71.1833,79.61,84,88,8.66
604,Tonota,BW,2022-07-28 01:20:50,-21.4833,27.4833,54.88,52,0,5.99
605,Mount Darwin,ZW,2022-07-28 01:20:50,-16.7725,31.5838,51.85,79,5,3.13
606,Coari,BR,2022-07-28 01:20:50,-4.085,-63.1414,78.73,61,59,0.54
607,Bantry,IE,2022-07-28 01:20:51,51.6833,-9.45,57.78,87,100,5.57
608,Kinshasa,CD,2022-07-28 01:21:51,-4.3246,15.3215,68.38,83,42,4.61
609,Egvekinot,RU,2022-07-28 01:21:52,66.3167,-179.1667,39.11,79,100,5.82
610,Sioux Lookout,CA,2022-07-28 01:21:52,50.1001,-91.917,59.07,94,75,5.75
611,Nishihara,JP,2022-07-28 01:21:52,26.1842,127.7558,85.68,81,75,11.5
612,Innisfail,AU,2022-07-28 01:19:18,-17.5333,146.0333,71.11,64,90,12.77
613,Skibbereen,IE,2022-07-28 01:21:07,51.55,-9.2667,58.1,85,99,8.61
614,Karratha,AU,2022-07-28 01:21:53,-20.7377,116.8463,74.26,43,0,13.78
615,Maceio,BR,2022-07-28 01:21:53,-9.6658,-35.7353,74.64,83,40,3.44
616,Majene,ID,2022-07-28 01:21:54,-3.5403,118.9707,80.38,79,98,15.99
617,Moratuwa,LK,2022-07-28 01:21:54,6.773,79.8816,76.77,88,55,5.19
618,Verkhoyansk,RU,2022-07-28 01:21:54,67.5447,133.385,79.86,42,98,3.71
619,Trebinje,BA,2022-07-28 01:21:55,42.7119,18.3442,73.76,60,0,11.5
620,Esso,RU,2022-07-28 01:21:55,55.9333,158.7,62.49,62,86,5.77
621,Santiago,CL,2022-07-28 01:17:03,-33.4569,-70.6483,53.85,77,75,5.75
622,Walvis Bay,NA,2022-07-28 01:20:09,-22.9575,14.5053,53.1,100,10,5.75
623,Bom Jesus,BR,2022-07-28 01:21:56,-9.0744,-44.3586,74.82,43,84,2.44
624,Saint-Vallier,FR,2022-07-28 01:21:56,46.6411,4.3711,54.32,70,0,1.9
625,Dubbo,AU,2022-07-28 01:21:56,-32.25,148.6167,55.53,58,100,12.66
626,Kargasok,RU,2022-07-28 01:21:57,59.0556,80.8572,61.84,93,33,10.42
627,Santarem,BR,2022-07-28 01:21:57,-2.4431,-54.7083,78.93,94,75,2.3
628,Abbeyleix,IE,2022-07-28 01:21:57,52.8992,-7.3575,53.64,88,44,1.99
629,Mount Gambier,AU,2022-07-28 01:21:58,-37.8333,140.7667,52.03,70,100,5.28
630,Jumla,NP,2022-07-28 01:21:58,29.2747,82.1838,62.98,95,100,1.23
631,Aykhal,RU,2022-07-28 01:21:59,66.0,111.5,78.49,64,63,9.84
632,Mehran,IR,2022-07-28 01:21:59,33.1222,46.1646,91.85,8,26,10.07
633,Koundara,GN,2022-07-28 01:22:00,12.4833,-13.3,74.03,98,100,3.71
634,Huilong,CN,2022-07-28 01:22:00,31.8111,121.655,89.92,78,0,7.94
635,Umea,SE,2022-07-28 01:22:00,63.8284,20.2597,50.92,76,75,13.8
636,Sungaipenuh,ID,2022-07-28 01:22:01,-2.0833,101.3833,69.66,82,73,1.9
637,Cehegin,ES,2022-07-28 01:22:01,38.0924,-1.7985,72.54,85,0,0.81
638,Sayyan,YE,2022-07-28 01:22:01,15.1718,44.3244,60.31,75,59,6.22
639,Ryotsu,JP,2022-07-28 01:17:57,38.0833,138.4333,80.38,76,95,4.14
640,Mukhen,RU,2022-07-28 01:22:02,48.1,136.1,81.34,64,57,3.69
641,Giddalur,IN,2022-07-28 01:22:02,15.35,78.9167,77.2,89,90,2.82
642,Qingdao,CN,2022-07-28 01:22:03,36.0986,120.3719,82.0,83,75,6.71
643,Kalemie,CD,2022-07-28 01:22:03,-5.9475,29.1947,69.24,66,50,2.55
644,Padang,ID,2022-07-28 01:22:03,-0.9492,100.3543,75.25,69,43,3.27
645,Port Townsend,US,2022-07-28 01:22:04,48.117,-122.7605,88.18,61,0,5.99
646,Srednekolymsk,RU,2022-07-28 01:22:04,67.45,153.6833,53.82,46,100,10.09
647,Palora,EC,2022-07-28 01:22:04,-1.7,-77.9333,64.06,97,100,1.81
648,Isangel,VU,2022-07-28 01:22:05,-19.55,169.2667,77.14,83,100,12.64
649,Lianzhou,CN,2022-07-28 01:22:05,24.7811,112.3825,87.73,66,76,1.16
650,Broken Hill,AU,2022-07-28 01:22:05,-31.95,141.4333,55.76,40,0,3.47
651,Balaipungut,ID,2022-07-28 01:22:06,1.05,101.2833,77.88,90,51,3.38
652,Dombarovskiy,RU,2022-07-28 01:22:06,50.7587,59.5386,58.77,91,19,9.89
653,Harrison,US,2022-07-28 01:23:07,30.4091,-89.0436,86.07,75,0,8.05
654,Qinhuangdao,CN,2022-07-28 01:23:07,39.9317,119.5883,76.62,88,100,10.0
655,Nisia Floresta,BR,2022-07-28 01:23:08,-6.0911,-35.2086,75.58,86,100,8.12
656,Atasu,KZ,2022-07-28 01:23:08,48.6814,71.6433,73.17,42,39,8.05
657,Mugur-Aksy,RU,2022-07-28 01:23:08,50.35,90.5,53.31,63,100,1.32
658,Kortkeros,RU,2022-07-28 01:23:09,61.8106,51.5806,50.18,76,56,4.43
659,Prince George,CA,2022-07-28 01:18:33,53.9166,-122.753,92.62,32,0,4.61
660,Liverpool,GB,2022-07-28 01:23:09,53.4106,-2.9779,61.61,87,20,3.44
661,Zwedru,LR,2022-07-28 01:23:09,6.0667,-8.1281,69.89,98,99,3.71
662,Muscat,OM,2022-07-28 01:23:10,23.6139,58.5922,84.22,74,96,4.16
663,Nova Olinda Do Norte,BR,2022-07-28 01:23:10,-3.8881,-59.0942,77.86,65,58,2.62
664,Batagay-Alyta,RU,2022-07-28 01:23:11,67.8006,130.4114,77.67,47,70,4.83
665,Muroto,JP,2022-07-28 01:23:11,33.2833,134.15,82.02,81,34,9.73
666,Yerbogachen,RU,2022-07-28 01:23:11,61.2767,108.0108,67.59,75,24,9.31
667,Greeneville,US,2022-07-28 01:23:12,36.1632,-82.831,79.68,86,0,5.75
668,Rundu,NA,2022-07-28 01:23:12,-17.9333,19.7667,54.43,39,5,6.04
669,Ust-Uda,RU,2022-07-28 01:23:12,54.1742,103.0304,60.98,69,100,3.83
670,Praia Da Vitoria,PT,2022-07-28 01:23:02,38.7333,-27.0667,73.76,94,75,9.33
671,Whitehorse,CA,2022-07-28 01:23:13,60.7161,-135.0538,63.37,50,100,8.05
672,Hami,CN,2022-07-28 01:23:13,42.8,93.45,88.16,10,0,13.4
673,Telimele,GN,2022-07-28 01:23:14,10.9167,-13.3333,70.83,99,100,2.08
674,Porto Velho,BR,2022-07-28 01:23:14,-8.7619,-63.9039,75.25,60,0,0.0
675,Alice Town,BS,2022-07-28 01:23:14,25.7167,-79.3,82.96,78,0,14.67
676,Nelson Bay,AU,2022-07-28 01:23:15,-32.7167,152.15,62.01,61,0,10.0
677,Jijiga,ET,2022-07-28 01:23:15,9.35,42.8,62.13,65,30,17.25
678,Farso,DK,2022-07-28 01:23:15,56.7728,9.3393,54.86,90,4,7.2
679,Balatonfenyves,HU,2022-07-28 01:23:16,46.7154,17.4922,70.92,59,44,6.13
680,Dongobesh,TZ,2022-07-28 01:23:16,-4.0667,35.3833,49.91,95,90,5.28
681,Havoysund,NO,2022-07-28 01:23:17,70.9963,24.6622,50.23,90,100,21.56
682,Cabedelo,BR,2022-07-28 01:23:17,-6.9811,-34.8339,74.07,80,34,10.29
683,San Policarpo,PH,2022-07-28 01:23:17,12.1791,125.5072,82.56,84,100,7.78
684,Kasongo,CD,2022-07-28 01:23:18,-4.45,26.6667,72.99,49,8,3.13
685,Muravlenko,RU,2022-07-28 01:23:18,63.7898,74.523,54.7,65,11,7.34
686,Irbil,IQ,2022-07-28 01:23:18,36.1926,44.0106,75.02,13,0,2.3
687,Atchison,US,2022-07-28 01:22:38,39.563,-95.1216,84.79,75,40,1.88
688,Cuamba,MZ,2022-07-28 01:23:19,-14.8031,36.5372,58.28,84,19,3.62
689,Pimentel,PE,2022-07-28 01:23:19,-6.8367,-79.9342,63.05,85,49,17.16
690,Kanlagay,PH,2022-07-28 01:23:20,5.8757,121.2915,82.94,71,100,4.43
691,Noumea,NC,2022-07-28 01:20:24,-22.2763,166.4572,77.0,99,100,5.03
692,Melfi,IT,2022-07-28 01:23:20,40.9965,15.6514,67.46,79,0,1.57
693,Ponta Delgada,PT,2022-07-28 01:23:21,37.7333,-25.6667,74.12,83,75,3.44
694,San Quintin,MX,2022-07-28 01:20:12,30.4833,-115.95,71.67,72,18,12.68
695,Shache,CN,2022-07-28 01:23:21,38.4167,77.2406,84.69,20,1,6.24
696,Dzilam Gonzalez,MX,2022-07-28 01:23:21,21.2833,-88.9333,76.64,91,92,4.94
697,Alnashi,RU,2022-07-28 01:23:22,56.1874,52.4792,56.64,84,10,4.99
698,Pitelino,RU,2022-07-28 01:23:22,54.5777,41.8145,64.17,91,0,6.08
699,Kedrovyy,RU,2022-07-28 01:23:23,56.1667,91.8167,57.87,66,61,2.44
700,Beira,MZ,2022-07-28 01:23:23,-19.8436,34.8389,63.37,69,0,1.68
701,Honiara,SB,2022-07-28 01:24:23,-9.4333,159.95,87.55,62,100,7.74
702,Santa Luzia,BR,2022-07-28 01:24:24,-19.7697,-43.8514,65.3,70,0,6.91
703,Nova Olimpia,BR,2022-07-28 01:24:24,-14.7972,-57.2881,74.26,36,0,3.04
704,Grand Gaube,MU,2022-07-28 01:24:24,-20.0064,57.6608,67.37,79,2,3.0
705,Tezu,IN,2022-07-28 01:24:25,27.9167,96.1667,77.14,96,99,1.19
706,Santo Antonio Do Ica,BR,2022-07-28 01:24:25,-3.1022,-67.9397,74.66,92,100,1.54
707,Neryungri,RU,2022-07-28 01:24:25,56.6709,124.6491,77.7,57,100,6.55
708,Srivardhan,IN,2022-07-28 01:24:26,18.0333,73.0167,78.24,88,100,3.91
709,Puerto Escondido,MX,2022-07-28 01:24:26,15.85,-97.0667,80.26,83,100,4.79
710,Salinopolis,BR,2022-07-28 01:24:26,-0.6136,-47.3561,78.49,84,62,11.43
711,Yaransk,RU,2022-07-28 01:24:27,57.3033,47.8861,56.03,80,7,5.48
712,Aberdeen,GB,2022-07-28 01:24:27,57.1437,-2.0981,49.53,100,83,2.3
