City_ID,City,Country,Date,Current Description,Lat,Lng,Max Temp,Humidity,Cloudiness,Wind Speed
0,Oranjemund,NA,2022-07-28 03:09:12,clear sky,-28.55,16.4333,51.94,82,0,0.65
1,Guiyang,CN,2022-07-28 03:09:12,broken clouds,26.5833,106.7167,79.09,72,82,2.28
2,Arraial Do Cabo,BR,2022-07-28 03:09:13,clear sky,-22.9661,-42.0278,69.64,80,0,23.89
3,Albany,US,2022-07-28 03:06:33,overcast clouds,42.6001,-73.9662,70.59,78,92,2.1
4,Carballo,ES,2022-07-28 03:04:29,overcast clouds,43.213,-8.691,63.91,74,85,1.25
5,Lebu,CL,2022-07-28 03:09:14,few clouds,-37.6167,-73.65,48.76,84,23,5.41
6,Kieta,PG,2022-07-28 03:09:14,clear sky,-6.2167,155.6333,85.84,64,10,8.08
7,Tasiilaq,GL,2022-07-28 03:09:14,overcast clouds,65.6145,-37.6368,41.16,96,90,6.76
8,Luderitz,NA,2022-07-28 03:09:15,clear sky,-26.6481,15.1594,54.07,76,0,1.28
9,Mataura,NZ,2022-07-28 03:09:15,overcast clouds,-46.1927,168.8643,47.48,98,100,3.31
10,Cayenne,GF,2022-07-28 03:09:07,clear sky,4.9333,-52.3333,76.08,1,0,0.0
11,Chapais,CA,2022-07-28 03:09:16,overcast clouds,49.7834,-74.8492,59.81,92,100,3.56
12,Punta Arenas,CL,2022-07-28 03:09:16,few clouds,-53.15,-70.9167,39.31,75,20,26.46
13,Busselton,AU,2022-07-28 03:04:53,scattered clouds,-33.65,115.3333,62.35,68,33,12.97
14,Vaini,TO,2022-07-28 03:09:17,few clouds,-21.2,-175.2,78.96,83,20,10.36
15,Praia Da Vitoria,PT,2022-07-28 03:09:17,broken clouds,38.7333,-27.0667,72.75,87,64,8.66
16,Buritis,BR,2022-07-28 03:09:17,clear sky,-15.6178,-46.4233,63.52,56,0,2.3
17,New Norfolk,AU,2022-07-28 03:09:18,overcast clouds,-42.7826,147.0587,53.1,73,97,3.0
18,Yellowknife,CA,2022-07-28 03:05:18,overcast clouds,62.456,-114.3525,66.56,68,89,11.99
19,Tripoli,LY,2022-07-28 03:05:19,clear sky,32.8752,13.1875,82.74,47,0,6.82
20,Chuy,UY,2022-07-28 03:09:18,light rain,-33.6971,-53.4616,59.25,98,100,6.38
21,Broken Hill,AU,2022-07-28 03:09:19,clear sky,-31.95,141.4333,59.4,34,0,6.08
22,Upernavik,GL,2022-07-28 03:09:19,overcast clouds,72.7868,-56.1549,40.28,84,100,1.92
23,Havre-Saint-Pierre,CA,2022-07-28 03:09:19,broken clouds,50.2334,-63.5986,60.01,79,59,5.53
24,Baruun-Urt,MN,2022-07-28 03:09:20,clear sky,46.6806,113.2792,71.2,38,10,1.59
25,Bengkulu,ID,2022-07-28 03:09:20,broken clouds,-3.8004,102.2655,83.39,67,59,1.36
26,Shu,KZ,2022-07-28 03:09:21,broken clouds,43.5983,73.7614,86.65,24,68,9.93
27,Cidreira,BR,2022-07-28 03:09:21,overcast clouds,-30.1811,-50.2056,60.82,88,100,5.84
28,Varkaus,FI,2022-07-28 03:09:21,broken clouds,62.3153,27.873,59.31,95,69,3.91
29,Rikitea,PF,2022-07-28 03:09:22,overcast clouds,-23.1203,-134.9692,73.99,68,100,16.82
30,Kemi,FI,2022-07-28 03:09:22,scattered clouds,65.8596,24.8228,53.37,71,40,6.91
31,Brandon,US,2022-07-28 03:06:41,broken clouds,27.9378,-82.2859,85.01,91,53,1.01
32,Kodiak,US,2022-07-28 03:09:22,clear sky,57.79,-152.4072,56.71,62,0,8.05
33,Muros,ES,2022-07-28 03:09:23,overcast clouds,42.7762,-9.0603,61.09,82,90,1.97
34,Saint-Philippe,RE,2022-07-28 03:05:04,light rain,-21.3585,55.7679,67.59,84,34,8.7
35,Tartus,SY,2022-07-28 03:09:23,clear sky,34.889,35.8866,78.42,61,0,3.38
36,Keti Bandar,PK,2022-07-28 03:09:24,broken clouds,24.1447,67.4497,83.52,79,80,12.59
37,Ushuaia,AR,2022-07-28 03:09:24,light rain,-54.8,-68.3,40.66,81,75,18.41
38,Bredasdorp,ZA,2022-07-28 03:09:24,clear sky,-34.5322,20.0403,48.07,92,0,5.61
39,Avarua,CK,2022-07-28 03:09:25,scattered clouds,-21.2078,-159.775,77.05,69,37,14.97
40,Georgetown,MY,2022-07-28 03:05:52,few clouds,5.4112,100.3354,87.73,73,20,8.05
41,Mitsamiouli,KM,2022-07-28 03:09:25,scattered clouds,-11.3847,43.2844,75.51,69,45,5.86
42,Katsuura,JP,2022-07-28 03:09:26,broken clouds,35.1333,140.3,83.19,78,68,12.08
43,Garden City,US,2022-07-28 03:07:20,broken clouds,42.3256,-83.331,77.83,76,75,5.75
44,Jamestown,US,2022-07-28 03:07:57,overcast clouds,42.097,-79.2353,72.99,73,100,6.91
45,Provideniya,RU,2022-07-28 03:10:26,fog,64.3833,-173.3,44.71,100,100,6.71
46,Fortuna,US,2022-07-28 03:05:47,overcast clouds,40.5982,-124.1573,61.92,85,100,11.5
47,San Patricio,US,2022-07-28 03:07:50,clear sky,28.017,-97.5169,84.83,70,4,12.73
48,Tuktoyaktuk,CA,2022-07-28 03:10:27,overcast clouds,69.4541,-133.0374,48.2,87,100,14.97
49,Hermanus,ZA,2022-07-28 03:07:58,clear sky,-34.4187,19.2345,53.8,81,0,12.26
50,Santa Maria,BR,2022-07-28 03:10:27,overcast clouds,-29.6842,-53.8069,65.07,89,96,4.56
51,Mar Del Plata,AR,2022-07-28 03:10:28,overcast clouds,-38.0023,-57.5575,51.1,57,100,15.99
52,Flin Flon,CA,2022-07-28 03:10:28,broken clouds,54.7682,-101.865,59.18,62,73,5.5
53,Vao,NC,2022-07-28 03:10:29,overcast clouds,-22.6667,167.4833,69.33,68,100,8.43
54,Qaanaaq,GL,2022-07-28 03:10:29,scattered clouds,77.484,-69.3632,36.99,92,43,1.5
55,Kruisfontein,ZA,2022-07-28 03:10:29,clear sky,-34.0033,24.7314,57.88,91,2,5.01
56,Marrakesh,MA,2022-07-28 03:10:30,clear sky,31.6315,-8.0083,71.67,64,0,8.05
57,Leshukonskoye,RU,2022-07-28 03:10:30,clear sky,64.8989,45.7622,65.64,74,9,7.54
58,Vasai,IN,2022-07-28 03:10:30,overcast clouds,19.47,72.8,80.69,78,100,0.81
59,Hobart,AU,2022-07-28 03:06:23,scattered clouds,-42.8794,147.3294,53.46,64,40,12.66
60,Datong,CN,2022-07-28 03:10:31,clear sky,40.0936,113.2914,75.76,47,0,3.24
61,Sao Geraldo Do Araguaia,BR,2022-07-28 03:10:31,few clouds,-6.4006,-48.555,72.88,47,16,2.35
62,Ampanihy,MG,2022-07-28 03:10:32,clear sky,-24.7,44.75,56.3,87,0,5.88
63,Grand Gaube,MU,2022-07-28 03:10:32,clear sky,-20.0064,57.6608,68.38,79,3,5.01
64,Cape Town,ZA,2022-07-28 03:10:33,clear sky,-33.9258,18.4232,59.38,76,0,3.4
65,Saint-Pierre,RE,2022-07-28 03:10:33,clear sky,-21.3393,55.4781,68.92,68,0,6.91
66,Pudozh,RU,2022-07-28 03:10:34,overcast clouds,61.8099,36.5345,62.08,92,100,2.19
67,Axim,GH,2022-07-28 03:10:34,overcast clouds,4.8699,-2.2405,75.78,81,98,12.97
68,Saldanha,ZA,2022-07-28 03:10:34,clear sky,-33.0117,17.9442,54.1,69,0,5.88
69,Tommot,RU,2022-07-28 03:10:35,clear sky,58.9564,126.2925,83.07,50,3,7.25
70,Victoria,HK,2022-07-28 03:10:35,clear sky,22.2855,114.1577,93.04,72,0,5.01
71,Port Alfred,ZA,2022-07-28 03:06:12,overcast clouds,-33.5906,26.891,64.04,80,86,19.44
72,Caravelas,BR,2022-07-28 03:10:35,few clouds,-17.7125,-39.2481,67.82,85,24,2.26
73,Rafai,CF,2022-07-28 03:10:36,overcast clouds,4.95,23.9167,67.26,99,100,2.42
74,Aravankadu,IN,2022-07-28 03:10:36,overcast clouds,11.3667,76.7667,61.02,82,95,3.47
75,Atuona,PF,2022-07-28 03:10:36,light rain,-9.8,-139.0333,77.47,73,27,23.67
76,Torbay,CA,2022-07-28 03:10:37,fog,47.6666,-52.7314,63.28,91,100,18.41
77,Sitka,US,2022-07-28 03:10:37,overcast clouds,57.0531,-135.33,60.69,72,100,5.75
78,Mahebourg,MU,2022-07-28 03:10:38,light rain,-20.4081,57.7,68.25,80,48,11.21
79,Beringovskiy,RU,2022-07-28 03:10:38,overcast clouds,63.05,179.3167,48.61,93,100,3.06
80,Cherskiy,RU,2022-07-28 03:10:38,overcast clouds,68.75,161.3,55.17,47,100,6.33
81,Saint George,US,2022-07-28 03:10:39,scattered clouds,37.1041,-113.5841,73.63,76,40,8.05
82,Gat,IL,2022-07-28 03:10:39,clear sky,31.61,34.7642,76.41,70,0,2.57
83,Nikolskoye,RU,2022-07-28 03:10:40,clear sky,59.7035,30.7861,57.79,88,0,3.67
84,Ponta Do Sol,PT,2022-07-28 03:10:40,clear sky,32.6667,-17.1,72.72,74,0,5.3
85,Sao Filipe,CV,2022-07-28 03:10:40,overcast clouds,14.8961,-24.4956,78.17,89,89,3.62
86,Naze,JP,2022-07-28 03:11:41,broken clouds,28.3667,129.4833,81.48,82,76,15.68
87,Quatre Cocos,MU,2022-07-28 03:11:41,scattered clouds,-20.2078,57.7625,68.09,80,28,10.25
88,Ritchie,ZA,2022-07-28 03:11:41,light rain,-29.038,24.6028,52.88,70,20,12.75
89,Mount Gambier,AU,2022-07-28 03:11:42,overcast clouds,-37.8333,140.7667,53.6,63,100,8.08
90,Carnarvon,AU,2022-07-28 03:06:55,light rain,-24.8667,113.6333,73.98,47,100,3.65
91,Barrow,US,2022-07-28 03:11:42,light rain,71.2906,-156.7887,33.82,100,100,13.8
92,Bluff,NZ,2022-07-28 03:11:43,overcast clouds,-46.6,168.3333,47.8,86,100,12.1
93,Abu Dhabi,AE,2022-07-28 03:11:43,broken clouds,24.4667,54.3667,86.11,64,58,8.05
94,Haines Junction,CA,2022-07-28 03:11:43,light rain,60.7522,-137.5108,48.06,87,100,1.63
95,Puerto Ayora,EC,2022-07-28 03:11:44,overcast clouds,-0.7393,-90.3518,69.55,94,98,7.0
96,Mehamn,NO,2022-07-28 03:11:44,light rain,71.0357,27.8492,49.95,87,75,21.85
97,Lima,PE,2022-07-28 03:11:19,overcast clouds,-12.0432,-77.0282,59.9,88,100,9.22
98,Kamarion,GR,2022-07-28 03:11:45,clear sky,36.8,25.8167,71.1,78,0,15.77
99,Harindanga,IN,2022-07-28 03:11:45,overcast clouds,22.0383,88.3214,87.66,65,94,7.0
100,Hilo,US,2022-07-28 03:11:25,scattered clouds,19.7297,-155.09,86.29,78,40,9.22
101,Pevek,RU,2022-07-28 03:11:46,overcast clouds,69.7008,170.3133,35.96,87,96,5.32
102,Whyalla,AU,2022-07-28 03:11:46,scattered clouds,-33.0333,137.5833,59.4,42,36,1.83
103,Hithadhoo,MV,2022-07-28 03:11:46,overcast clouds,-0.6,73.0833,82.42,73,100,12.26
104,Lompoc,US,2022-07-28 03:08:02,overcast clouds,34.6391,-120.4579,68.77,85,100,12.66
105,Taloqan,AF,2022-07-28 03:11:47,clear sky,36.7361,69.5345,92.1,20,2,1.5
106,Bibbiena,IT,2022-07-28 03:11:47,clear sky,43.6965,11.8135,71.08,90,0,4.03
107,Kosh-Agach,RU,2022-07-28 03:11:48,clear sky,50.0,88.6667,63.39,40,5,1.61
108,Leningradskiy,RU,2022-07-28 03:11:36,overcast clouds,69.3833,178.4167,39.42,79,94,7.52
109,Castro,BR,2022-07-28 03:11:48,overcast clouds,-24.7911,-50.0119,56.73,81,99,2.24
110,Gustavo Diaz Ordaz,MX,2022-07-28 03:11:48,scattered clouds,26.2333,-98.5833,85.03,72,41,17.31
111,Longyearbyen,SJ,2022-07-28 03:11:45,broken clouds,78.2186,15.6401,42.64,81,75,17.27
112,Baoqing,CN,2022-07-28 03:11:49,overcast clouds,46.3317,132.2111,85.37,56,100,9.26
113,Butaritari,KI,2022-07-28 03:10:33,clear sky,3.0707,172.7902,82.09,77,8,13.44
114,Pisco,PE,2022-07-28 03:11:50,few clouds,-13.7,-76.2167,59.05,82,20,3.44
115,Teya,RU,2022-07-28 03:11:50,overcast clouds,60.3778,92.6267,63.36,71,99,1.7
116,Faanui,PF,2022-07-28 03:11:50,light rain,-16.4833,-151.75,78.75,76,13,25.95
117,Izmit,TR,2022-07-28 03:11:51,scattered clouds,40.7669,29.9169,64.4,85,40,0.0
118,Merrill,US,2022-07-28 03:08:33,scattered clouds,45.1805,-89.6835,66.81,80,40,0.0
119,Berlevag,NO,2022-07-28 03:11:51,light rain,70.8578,29.0864,50.0,93,100,25.32
120,Vikhorevka,RU,2022-07-28 03:11:51,overcast clouds,56.1201,101.1636,65.25,53,100,7.74
121,Khatanga,RU,2022-07-28 03:11:02,overcast clouds,71.9667,102.5,71.17,46,92,3.42
122,Marsa Matruh,EG,2022-07-28 03:11:52,clear sky,31.3525,27.2453,76.55,68,0,4.85
123,Half Moon Bay,US,2022-07-28 03:11:52,mist,37.4636,-122.4286,71.91,83,100,21.85
124,Kinshasa,CD,2022-07-28 03:08:44,scattered clouds,-4.3246,15.3215,69.1,72,36,3.42
125,Goma,CD,2022-07-28 03:11:53,broken clouds,-1.6792,29.2228,64.35,76,66,2.01
126,San Jose,US,2022-07-28 03:11:53,smoke,37.3394,-121.895,76.12,63,40,13.8
127,Alta Floresta,BR,2022-07-28 03:11:54,clear sky,-9.8756,-56.0861,69.94,44,0,3.49
128,Ilulissat,GL,2022-07-28 03:11:54,overcast clouds,69.2167,-51.1,44.62,93,100,1.14
129,Mednogorsk,RU,2022-07-28 03:11:54,clear sky,51.4128,57.595,63.1,82,9,9.75
130,Huarmey,PE,2022-07-28 03:12:55,scattered clouds,-10.0681,-78.1522,62.69,86,27,9.78
131,Jalu,LY,2022-07-28 03:12:55,clear sky,29.0331,21.5482,79.52,51,0,6.11
132,Kapaa,US,2022-07-28 03:11:45,light rain,22.0752,-159.319,84.18,76,20,16.11
133,Kikwit,CD,2022-07-28 03:12:55,broken clouds,-5.041,18.8162,71.19,37,80,0.27
134,Summerville,US,2022-07-28 03:12:56,clear sky,33.0185,-80.1757,82.89,85,0,9.22
135,East London,ZA,2022-07-28 03:11:12,overcast clouds,-33.0153,27.9116,63.68,78,100,11.07
136,Terralba,IT,2022-07-28 03:12:56,clear sky,39.7192,8.6392,72.01,66,0,4.97
137,Mistelbach,AT,2022-07-28 03:12:57,clear sky,48.57,16.5767,66.02,78,0,5.97
138,Grindavik,IS,2022-07-28 03:10:18,broken clouds,63.8424,-22.4338,48.67,93,75,19.57
139,Nanortalik,GL,2022-07-28 03:12:57,overcast clouds,60.1432,-45.2371,42.3,85,97,8.34
140,Vardo,NO,2022-07-28 03:12:57,overcast clouds,70.3705,31.1107,51.78,87,100,20.71
141,Linares,CL,2022-07-28 03:12:58,clear sky,-35.85,-71.6,45.16,86,0,2.98
142,Conakry,GN,2022-07-28 03:12:58,light rain,9.538,-13.6773,76.35,87,99,4.61
143,Ancud,CL,2022-07-28 03:12:58,scattered clouds,-41.8697,-73.8203,43.0,92,27,4.09
144,Inhambane,MZ,2022-07-28 03:12:59,clear sky,-23.865,35.3833,63.41,80,2,5.19
145,Qalyub,EG,2022-07-28 03:12:59,clear sky,30.1792,31.2056,79.59,65,0,6.73
146,Hasaki,JP,2022-07-28 03:12:17,broken clouds,35.7333,140.8333,95.29,79,76,16.11
147,Plouzane,FR,2022-07-28 03:13:00,fog,48.3833,-4.6167,57.25,97,0,3.44
148,Yumen,CN,2022-07-28 03:13:00,broken clouds,40.2833,97.2,88.65,14,68,13.22
149,Shasta Lake,US,2022-07-28 03:12:32,clear sky,40.6804,-122.3708,99.32,25,9,4.45
150,Khandbari,NP,2022-07-28 03:13:00,overcast clouds,27.3747,87.2039,73.45,89,100,1.34
151,Sedalia,US,2022-07-28 03:13:01,clear sky,38.7045,-93.2283,75.11,88,0,0.0
152,Necochea,AR,2022-07-28 03:12:57,moderate rain,-38.5473,-58.7368,49.46,96,100,16.4
153,Noumea,NC,2022-07-28 03:13:01,overcast clouds,-22.2763,166.4572,78.78,99,100,7.81
154,Yeniseysk,RU,2022-07-28 03:13:02,overcast clouds,58.4497,92.1703,61.32,82,100,3.06
155,Hofn,IS,2022-07-28 03:11:53,overcast clouds,64.2539,-15.2082,53.33,99,100,21.34
156,Port-Cartier,CA,2022-07-28 03:13:02,broken clouds,50.0334,-66.8654,64.74,86,67,5.64
157,Port Lincoln,AU,2022-07-28 03:13:02,clear sky,-34.7333,135.8667,59.47,64,10,7.4
158,Las Cruces,US,2022-07-28 03:13:03,broken clouds,32.3123,-106.7783,87.6,36,75,3.0
159,Thompson,CA,2022-07-28 03:12:11,overcast clouds,55.7435,-97.8558,53.49,91,100,3.78
160,Alofi,NU,2022-07-28 03:13:03,shower rain,-19.0595,-169.9187,76.89,83,75,11.5
161,San Ignacio,BZ,2022-07-28 03:13:04,broken clouds,17.1561,-89.0714,73.29,97,59,3.4
162,Los Llanos De Aridane,ES,2022-07-28 03:13:04,few clouds,28.6585,-17.9182,70.12,93,20,18.41
163,Salcedo,PH,2022-07-28 03:13:04,overcast clouds,12.8105,121.4674,85.96,68,100,3.31
164,Chokurdakh,RU,2022-07-28 03:13:05,overcast clouds,70.6333,147.9167,61.14,34,98,14.07
165,Ino,JP,2022-07-28 03:13:05,scattered clouds,33.55,133.4333,87.37,63,49,7.09
166,Bambous Virieux,MU,2022-07-28 03:13:06,light rain,-20.3428,57.7575,68.22,79,46,10.83
167,Liptovsky Hradok,SK,2022-07-28 03:13:06,overcast clouds,49.0396,19.7234,58.73,94,87,2.73
168,Poum,NC,2022-07-28 03:13:06,overcast clouds,-20.2333,164.0167,73.69,67,100,13.11
169,Ambilobe,MG,2022-07-28 03:13:07,clear sky,-13.2,49.05,62.82,91,6,3.4
170,Ribeira Grande,PT,2022-07-28 03:13:07,scattered clouds,38.5167,-28.7,72.55,84,30,10.54
171,Male,MV,2022-07-28 03:10:28,overcast clouds,4.1748,73.5089,82.38,74,100,15.61
172,Northam,GB,2022-07-28 03:13:08,overcast clouds,51.0333,-4.2167,55.38,93,100,3.29
173,Constitucion,CL,2022-07-28 03:13:08,clear sky,-35.3333,-72.4167,48.24,76,6,4.7
174,Kitimat,CA,2022-07-28 03:13:08,clear sky,54.0524,-128.6534,83.91,54,4,1.01
175,Lodwar,KE,2022-07-28 03:10:59,overcast clouds,3.1191,35.5973,76.59,58,97,12.35
176,Asfi,MA,2022-07-28 03:13:09,clear sky,32.2994,-9.2372,68.38,84,2,13.69
177,Rudnya,RU,2022-07-28 03:14:09,overcast clouds,54.947,31.0934,56.77,96,100,7.78
178,Vila Franca Do Campo,PT,2022-07-28 03:14:10,broken clouds,37.7167,-25.4333,73.81,93,77,3.38
179,Dikson,RU,2022-07-28 03:14:10,broken clouds,73.5069,80.5464,40.51,94,70,13.56
180,Mineiros,BR,2022-07-28 03:14:10,clear sky,-17.5694,-52.5511,64.8,34,0,5.41
181,Yalutorovsk,RU,2022-07-28 03:14:11,overcast clouds,56.6536,66.3006,59.16,79,100,11.27
182,Ascoli Piceno,IT,2022-07-28 03:14:11,clear sky,42.8548,13.5749,69.1,87,0,3.65
183,Aubenas,FR,2022-07-28 03:14:11,clear sky,44.6201,4.3899,62.17,57,0,5.1
184,Aklavik,CA,2022-07-28 03:14:12,overcast clouds,68.2191,-135.0107,54.97,57,97,11.25
185,Kaitangata,NZ,2022-07-28 03:11:45,overcast clouds,-46.2817,169.8464,44.92,94,100,7.63
186,Bay Roberts,CA,2022-07-28 03:14:12,few clouds,47.5999,-53.2648,64.06,93,11,4.0
187,Oistins,BB,2022-07-28 03:13:54,scattered clouds,13.0667,-59.5333,80.69,74,40,19.57
188,Ostrovnoy,RU,2022-07-28 03:14:13,broken clouds,68.0531,39.5131,61.32,82,51,15.86
189,Bereda,ES,2022-07-28 03:14:13,few clouds,43.2686,-7.5406,57.42,100,22,1.14
190,Dingle,PH,2022-07-28 03:11:47,overcast clouds,10.9995,122.6711,87.46,70,99,9.82
191,Marsh Harbour,BS,2022-07-28 03:11:54,scattered clouds,26.5412,-77.0636,82.2,73,41,12.64
192,Salym,RU,2022-07-28 03:14:14,overcast clouds,60.0625,71.4789,62.02,63,98,9.08
193,Quimper,FR,2022-07-28 03:14:14,clear sky,48.0,-4.1,57.78,82,0,4.61
194,Salo,IT,2022-07-28 03:14:15,few clouds,45.6086,10.531,73.8,80,12,7.14
195,Palana,RU,2022-07-28 03:14:15,light rain,59.1167,159.9667,51.49,86,86,10.07
196,Saurimo,AO,2022-07-28 03:14:15,overcast clouds,-9.6608,20.3916,57.04,33,100,5.61
197,Kavieng,PG,2022-07-28 03:14:16,light rain,-2.5744,150.7967,84.92,71,18,17.94
198,Turan,VN,2022-07-28 03:13:40,clear sky,16.0678,108.2208,89.58,58,0,2.3
199,Margate,GB,2022-07-28 03:14:17,overcast clouds,51.3813,1.3862,63.9,75,100,5.01
200,Liberty,US,2022-07-28 03:14:17,clear sky,31.8335,-81.5004,83.26,41,0,4.61
201,Evensk,RU,2022-07-28 03:14:17,broken clouds,61.95,159.2333,58.87,54,72,5.23
202,Cabo San Lucas,MX,2022-07-28 03:11:58,scattered clouds,22.8909,-109.9124,85.3,69,28,8.84
203,Nemuro,JP,2022-07-28 03:11:33,scattered clouds,43.3236,145.575,64.76,92,47,4.68
204,Dimona,IL,2022-07-28 03:14:18,clear sky,31.0667,35.0333,70.77,62,0,4.12
205,Fairview,US,2022-07-28 03:14:18,clear sky,40.8126,-73.999,79.23,73,0,5.99
206,Sinnamary,GF,2022-07-28 03:14:19,overcast clouds,5.3833,-52.95,77.09,87,95,4.76
207,Baghdad,IQ,2022-07-28 03:12:20,clear sky,33.3406,44.4009,78.71,27,0,4.61
208,Olafsvik,IS,2022-07-28 03:14:19,overcast clouds,64.8945,-23.7142,47.8,81,100,26.33
209,Almaya,MX,2022-07-28 03:14:19,broken clouds,19.2333,-99.4167,52.45,93,75,0.0
210,Litovko,RU,2022-07-28 03:14:20,overcast clouds,49.2361,135.1742,80.62,71,99,5.26
211,Broome,US,2022-07-28 03:14:20,broken clouds,42.2506,-75.833,72.64,87,83,1.99
212,Lukulu,ZM,2022-07-28 03:14:20,broken clouds,-14.3707,23.242,50.72,69,76,5.93
213,Darab,IR,2022-07-28 03:14:21,overcast clouds,28.7519,54.5444,79.77,71,97,2.35
214,Dunhua,CN,2022-07-28 03:14:21,light rain,43.3725,128.2425,81.36,67,99,5.44
215,Antofagasta,CL,2022-07-28 03:14:22,overcast clouds,-23.65,-70.4,56.48,84,88,7.99
216,Sambava,MG,2022-07-28 03:14:22,light rain,-14.2667,50.1667,67.35,87,87,8.08
217,Papar,MY,2022-07-28 03:14:22,broken clouds,5.7333,115.9333,86.0,66,74,4.74
218,Kenora,CA,2022-07-28 03:14:23,broken clouds,49.8167,-94.4337,53.01,97,76,5.75
219,Kenai,US,2022-07-28 03:12:52,clear sky,60.5544,-151.2583,69.89,50,0,8.05
220,Bathsheba,BB,2022-07-28 03:14:23,scattered clouds,13.2167,-59.5167,81.21,85,40,19.57
221,Zanjan,IR,2022-07-28 03:14:23,few clouds,36.6736,48.4787,67.69,68,20,13.8
222,Atar,MR,2022-07-28 03:14:24,broken clouds,20.5169,-13.0499,94.86,18,56,14.65
223,Pandan,PH,2022-07-28 03:14:24,very heavy rain,14.0453,124.1694,87.75,65,100,10.4
224,Bawku,GH,2022-07-28 03:15:25,scattered clouds,11.0616,-0.2417,75.87,79,27,9.53
225,Westport,US,2022-07-28 03:15:25,clear sky,41.1415,-73.3579,75.74,87,0,6.91
226,Ulaangom,MN,2022-07-28 03:15:25,overcast clouds,49.9811,92.0667,65.86,41,100,3.78
227,Xiongzhou,CN,2022-07-28 03:15:26,broken clouds,25.1167,114.3,97.97,44,80,4.29
228,Quelimane,MZ,2022-07-28 03:15:26,clear sky,-17.8786,36.8883,60.49,81,0,2.75
229,Hambantota,LK,2022-07-28 03:15:26,overcast clouds,6.1241,81.1185,80.51,74,90,5.23
230,Norman Wells,CA,2022-07-28 03:15:27,broken clouds,65.282,-126.8329,64.44,55,75,3.44
231,Zhigansk,RU,2022-07-28 03:15:27,clear sky,66.7697,123.3711,78.35,48,6,4.25
232,Viransehir,TR,2022-07-28 03:15:27,clear sky,37.2353,39.7631,83.97,17,0,4.63
233,Mutoko,ZW,2022-07-28 03:15:28,clear sky,-17.397,32.2268,46.76,83,0,2.51
234,Mehriz,IR,2022-07-28 03:15:28,overcast clouds,31.5917,54.4318,82.9,48,91,5.41
235,Coquimbo,CL,2022-07-28 03:13:17,broken clouds,-29.9533,-71.3436,53.33,93,75,1.14
236,Toora-Khem,RU,2022-07-28 03:15:29,overcast clouds,52.4675,96.11,65.03,44,97,3.31
237,Lensk,RU,2022-07-28 03:15:29,clear sky,60.7253,114.9278,89.06,41,3,10.18
238,Srivardhan,IN,2022-07-28 03:15:29,overcast clouds,18.0333,73.0167,80.29,82,100,4.18
239,Port Elizabeth,ZA,2022-07-28 03:11:21,overcast clouds,-33.918,25.5701,60.1,100,100,0.0
240,Karratha,AU,2022-07-28 03:12:27,clear sky,-20.7377,116.8463,79.48,32,0,16.71
241,Manokwari,ID,2022-07-28 03:15:30,broken clouds,-0.8667,134.0833,84.29,67,59,9.4
242,Stornoway,GB,2022-07-28 03:15:30,mist,58.2093,-6.3865,48.92,94,100,1.14
243,Tomas Oppus,PH,2022-07-28 03:15:31,scattered clouds,10.2506,124.9831,84.85,84,38,8.41
244,Mount Vernon,US,2022-07-28 03:15:31,broken clouds,40.9126,-73.8371,79.02,77,75,5.75
245,Hun,LY,2022-07-28 03:15:31,clear sky,29.1268,15.9477,77.02,43,0,5.59
246,Churapcha,RU,2022-07-28 03:15:32,few clouds,62.0025,132.4325,87.66,34,19,5.82
247,Port Keats,AU,2022-07-28 03:15:32,scattered clouds,-14.25,129.55,85.1,27,31,8.5
248,Amahai,ID,2022-07-28 03:15:32,heavy intensity rain,-3.3333,128.9167,77.77,90,97,10.45
249,Talnakh,RU,2022-07-28 03:13:31,overcast clouds,69.4865,88.3972,58.21,63,93,11.88
250,Eydhafushi,MV,2022-07-28 03:15:33,overcast clouds,5.1033,73.0708,82.04,74,100,14.81
251,Antalaha,MG,2022-07-28 03:15:33,light rain,-14.9003,50.2788,67.57,91,100,5.03
252,Lerwick,GB,2022-07-28 03:15:34,scattered clouds,60.1545,-1.1494,53.6,79,45,6.26
253,Sorong,ID,2022-07-28 03:15:34,scattered clouds,-0.8833,131.25,81.72,80,29,4.5
254,Masumbwe,TZ,2022-07-28 03:15:34,broken clouds,-3.6333,32.1833,68.29,52,70,5.53
255,Maraa,BR,2022-07-28 03:15:35,scattered clouds,-1.8333,-65.3667,72.05,96,42,2.66
256,Severo-Kurilsk,RU,2022-07-28 03:11:03,overcast clouds,50.6789,156.125,55.35,87,96,6.58
257,Esmeraldas,BR,2022-07-28 03:15:35,clear sky,-19.7625,-44.3139,59.86,71,0,3.49
258,Shingu,JP,2022-07-28 03:15:36,scattered clouds,33.7333,135.9833,85.21,71,41,6.55
259,Sola,VU,2022-07-28 03:12:50,overcast clouds,-13.8833,167.55,79.88,78,100,10.49
260,Wagar,SD,2022-07-28 03:15:36,broken clouds,16.1525,36.2032,77.23,75,78,14.05
261,Yulara,AU,2022-07-28 03:15:36,clear sky,-25.2406,130.9889,61.29,19,10,14.32
262,Durant,US,2022-07-28 03:14:05,clear sky,33.994,-96.3708,92.52,42,0,3.44
263,Lazaro Cardenas,MX,2022-07-28 03:11:01,overcast clouds,17.9583,-102.2,80.42,78,100,3.06
264,Verkhnetulomskiy,RU,2022-07-28 03:15:37,overcast clouds,68.6073,31.7962,60.93,93,92,5.14
265,Agua Dulce,MX,2022-07-28 03:15:37,overcast clouds,18.1333,-94.1333,78.37,86,100,12.53
266,Ghazipur,IN,2022-07-28 03:15:38,overcast clouds,25.5833,83.5667,89.78,55,100,5.73
267,Chateaurenard,FR,2022-07-28 03:15:38,clear sky,43.8817,4.8549,71.42,59,0,2.3
268,Bandarbeyla,SO,2022-07-28 03:15:38,overcast clouds,9.4942,50.8122,77.09,67,100,25.08
269,Kavaratti,IN,2022-07-28 03:15:39,heavy intensity rain,10.5669,72.642,78.17,89,100,16.75
270,Danilovka,RU,2022-07-28 03:15:39,few clouds,50.3557,44.1168,70.93,68,14,4.81
271,Roald,NO,2022-07-28 03:16:39,overcast clouds,62.5833,6.1333,48.76,100,94,4.61
272,Auki,SB,2022-07-28 03:16:40,few clouds,-8.7676,160.7034,86.54,62,16,3.4
273,Trairi,BR,2022-07-28 03:11:53,overcast clouds,-3.2778,-39.2689,78.33,81,96,12.19
274,Amasya,TR,2022-07-28 03:16:40,clear sky,40.6667,35.8333,53.28,65,0,2.37
275,San Angelo,US,2022-07-28 03:15:24,clear sky,31.4638,-100.437,93.42,32,0,11.5
276,Ballina,AU,2022-07-28 03:16:41,clear sky,-28.8667,153.5667,67.01,54,0,5.17
277,Feodosiya,UA,2022-07-28 03:16:41,clear sky,45.0333,35.3833,72.14,60,0,8.46
278,Tuim,RU,2022-07-28 03:16:42,scattered clouds,54.3417,89.9261,67.15,51,35,5.77
279,Te Anau,NZ,2022-07-28 03:16:42,overcast clouds,-45.4167,167.7167,41.85,98,100,1.5
280,Yoichi,JP,2022-07-28 03:16:42,overcast clouds,43.2039,140.7703,75.4,79,90,8.01
281,Vanderhoof,CA,2022-07-28 03:16:01,clear sky,54.0166,-124.0198,82.67,45,1,3.0
282,Namibe,AO,2022-07-28 03:16:43,broken clouds,-15.1961,12.1522,61.59,79,79,6.98
283,Bull Savanna,JM,2022-07-28 03:16:43,broken clouds,17.8868,-77.5902,76.35,85,57,5.46
284,Souillac,MU,2022-07-28 03:16:30,light rain,-20.5167,57.5167,68.38,88,40,6.91
285,Roblin,CA,2022-07-28 03:16:44,scattered clouds,51.23,-101.3565,51.85,89,31,6.78
286,Meulaboh,ID,2022-07-28 03:16:44,overcast clouds,4.1363,96.1285,81.95,72,93,1.63
287,Dongying,CN,2022-07-28 03:16:44,overcast clouds,37.4564,118.4856,77.72,84,100,8.03
288,Bilibino,RU,2022-07-28 03:16:45,overcast clouds,68.0546,166.4372,53.47,45,100,2.98
289,Lagoa,PT,2022-07-28 03:16:45,clear sky,39.05,-27.9833,71.1,81,0,7.07
290,Muzhi,RU,2022-07-28 03:16:45,scattered clouds,65.3667,64.6667,67.68,51,26,9.48
291,Port Blair,IN,2022-07-28 03:16:46,broken clouds,11.6667,92.75,84.24,79,75,8.05
292,Clyde River,CA,2022-07-28 03:13:06,light rain,70.4692,-68.5914,37.63,100,100,6.91
293,Codrington,AU,2022-07-28 03:12:58,overcast clouds,-38.2667,141.9667,50.43,84,100,10.47
294,Vestmannaeyjar,IS,2022-07-28 03:16:46,overcast clouds,63.4427,-20.2734,51.87,74,95,17.25
295,Riyadh,SA,2022-07-28 03:12:23,light rain,24.6877,46.7219,93.34,14,100,9.82
296,Tolmin,SI,2022-07-28 03:16:47,clear sky,46.183,13.7332,74.79,74,1,5.01
297,Mbini,GQ,2022-07-28 03:16:47,broken clouds,1.574,9.6134,74.3,88,59,6.71
298,Lokoja,NG,2022-07-28 03:16:48,overcast clouds,7.8024,6.743,73.02,96,100,4.03
299,Hoi An,VN,2022-07-28 03:15:05,few clouds,15.8794,108.335,93.16,59,11,4.92
300,Strezhevoy,RU,2022-07-28 03:16:48,scattered clouds,60.7333,77.5889,64.56,61,43,9.42
301,Arlit,NE,2022-07-28 03:16:48,overcast clouds,18.7369,7.3853,85.6,49,97,21.72
302,Daru,PG,2022-07-28 03:16:49,scattered clouds,-9.0763,143.2092,78.15,88,45,19.35
303,Galesong,ID,2022-07-28 03:16:49,broken clouds,-5.3166,119.3661,87.82,63,60,2.84
304,Estelle,US,2022-07-28 03:16:50,scattered clouds,29.8458,-90.1067,84.2,76,40,8.05
305,Misratah,LY,2022-07-28 03:16:50,clear sky,32.3754,15.0925,80.53,58,0,3.24
306,Gouyave,GD,2022-07-28 03:16:50,scattered clouds,12.1646,-61.7296,79.57,83,40,17.27
307,Houma,US,2022-07-28 03:16:51,clear sky,29.5958,-90.7195,79.0,89,0,0.0
308,Ulladulla,AU,2022-07-28 03:16:51,few clouds,-35.35,150.4667,61.97,50,17,5.84
309,Balabac,PH,2022-07-28 03:16:51,overcast clouds,7.9868,117.0645,85.66,69,100,8.43
310,Carutapera,BR,2022-07-28 03:16:52,overcast clouds,-1.195,-46.02,75.04,89,99,4.76
311,Channel-Port Aux Basques,CA,2022-07-28 03:16:52,clear sky,47.5702,-59.1367,60.17,93,2,8.79
312,Vanimo,PG,2022-07-28 03:14:27,broken clouds,-2.6741,141.3028,84.85,71,59,9.22
313,Weihe,CN,2022-07-28 03:16:53,clear sky,32.9952,105.3247,82.27,46,0,3.96
314,Krasnyy Yar,RU,2022-07-28 03:16:53,light rain,46.5331,48.3456,69.73,83,100,6.02
315,Rocha,UY,2022-07-28 03:14:22,overcast clouds,-34.4833,-54.3333,64.53,95,100,9.4
316,Talakan,RU,2022-07-28 03:16:53,overcast clouds,50.3167,130.3667,87.39,49,89,5.88
317,Chicama,PE,2022-07-28 03:16:54,scattered clouds,-7.8447,-79.1469,57.74,85,41,7.18
318,Port-Gentil,GA,2022-07-28 03:16:54,overcast clouds,-0.7193,8.7815,74.84,80,99,13.98
319,Kyshtovka,RU,2022-07-28 03:17:54,broken clouds,56.555,76.6271,66.9,88,61,9.19
320,Kovur,IN,2022-07-28 03:17:55,scattered clouds,14.4833,79.9833,85.84,67,47,5.73
321,Kahului,US,2022-07-28 03:17:55,few clouds,20.8947,-156.47,84.22,64,20,23.02
322,Colares,PT,2022-07-28 03:17:56,clear sky,38.7992,-9.4469,67.75,75,0,35.01
323,Mackenzie,CA,2022-07-28 03:15:57,clear sky,55.2999,-123.1698,86.22,32,0,9.22
324,Bam,IR,2022-07-28 03:17:56,overcast clouds,29.106,58.357,85.15,52,99,2.28
325,Shiraz,IR,2022-07-28 03:13:32,overcast clouds,29.6036,52.5388,72.84,78,100,6.91
326,Mwinilunga,ZM,2022-07-28 03:17:57,overcast clouds,-11.7358,24.4293,52.21,59,100,4.29
327,Kentau,KZ,2022-07-28 03:17:57,scattered clouds,43.5206,68.5094,85.53,24,45,9.17
328,Tiksi,RU,2022-07-28 03:17:07,overcast clouds,71.6872,128.8694,68.29,60,89,6.26
329,Umm Lajj,SA,2022-07-28 03:17:57,scattered clouds,25.0213,37.2685,84.51,63,42,7.18
330,Syracuse,IT,2022-07-28 03:17:53,clear sky,37.0881,15.2792,74.79,68,0,1.92
331,Mangrol,IN,2022-07-28 03:17:58,overcast clouds,21.1167,70.1167,81.86,77,100,6.78
332,Novo Aripuana,BR,2022-07-28 03:17:58,clear sky,-5.1206,-60.3797,75.69,50,7,1.07
333,Tabory,RU,2022-07-28 03:17:59,overcast clouds,58.5198,64.5495,60.85,66,100,7.92
334,Santiago De Cao,PE,2022-07-28 03:17:59,fog,-7.9589,-79.2392,59.13,94,100,12.66
335,Salalah,OM,2022-07-28 03:13:12,haze,17.0151,54.0924,77.09,94,100,6.91
336,Galbshtadt,RU,2022-07-28 03:18:00,overcast clouds,53.2264,78.9845,74.95,51,92,14.67
337,Paraiso,CR,2022-07-28 03:18:00,broken clouds,9.8383,-83.8656,63.46,98,82,2.15
338,Acajutla,SV,2022-07-28 03:18:01,broken clouds,13.5928,-89.8275,79.02,84,78,1.79
339,Vondrozo,MG,2022-07-28 03:18:01,broken clouds,-22.8167,47.2833,58.91,90,77,2.33
340,Sangar,RU,2022-07-28 03:18:01,clear sky,63.9242,127.4739,81.03,49,4,2.26
341,Acarau,BR,2022-07-28 03:18:02,overcast clouds,-2.8856,-40.12,78.58,79,92,14.94
342,Karaton,ID,2022-07-28 03:18:02,overcast clouds,-6.3424,106.1045,80.29,68,95,5.88
343,Biak,ID,2022-07-28 03:18:03,overcast clouds,-0.9131,122.8766,80.22,77,93,8.84
344,Peterhead,GB,2022-07-28 03:18:03,broken clouds,57.5058,-1.7981,50.5,85,60,8.19
345,Airai,TL,2022-07-28 03:18:03,few clouds,-8.9266,125.4092,69.93,47,12,5.39
346,Naryan-Mar,RU,2022-07-28 03:18:04,overcast clouds,67.6713,53.087,66.02,65,100,12.59
347,Dunedin,NZ,2022-07-28 03:18:04,light rain,-45.8742,170.5036,45.81,91,100,11.99
348,Naberera,TZ,2022-07-28 03:18:04,overcast clouds,-4.2,36.9333,56.93,83,96,9.98
349,Katherine,AU,2022-07-28 03:18:05,few clouds,-14.4667,132.2667,80.92,34,24,13.8
350,Srednekolymsk,RU,2022-07-28 03:18:05,overcast clouds,67.45,153.6833,57.13,42,99,10.45
351,Hatsukaichi,JP,2022-07-28 03:18:05,scattered clouds,34.35,132.3333,87.75,67,25,4.79
352,Komsomolskiy,UZ,2022-07-28 03:14:33,clear sky,40.4272,71.7189,86.72,32,4,4.61
353,Borogontsy,RU,2022-07-28 03:18:06,few clouds,62.6683,131.1683,87.57,36,22,3.69
354,San Quintin,MX,2022-07-28 03:14:48,clear sky,30.4833,-115.95,67.5,85,8,11.54
355,Itoman,JP,2022-07-28 03:18:06,scattered clouds,26.1247,127.6694,88.18,81,40,6.91
356,Birin,NP,2022-07-28 03:18:07,overcast clouds,26.8865,88.0718,68.83,87,95,2.26
357,Balkhash,KZ,2022-07-28 03:18:07,clear sky,46.844,74.9804,86.61,23,0,8.95
358,Shemursha,RU,2022-07-28 03:18:07,clear sky,54.8866,47.5189,64.74,82,8,3.15
359,Leh,IN,2022-07-28 03:18:08,overcast clouds,34.1667,77.5833,57.31,74,100,4.9
360,Hudson Bay,CA,2022-07-28 03:18:08,broken clouds,52.85,-102.3842,58.55,69,62,4.52
361,Waipawa,NZ,2022-07-28 03:18:09,overcast clouds,-41.4122,175.5153,52.14,81,100,15.57
362,Quilpue,CL,2022-07-28 03:18:09,scattered clouds,-33.045,-71.4494,52.12,71,40,5.75
363,Klaksvik,FO,2022-07-28 03:15:46,overcast clouds,62.2266,-6.589,52.72,91,87,14.56
364,Nuuk,GL,2022-07-28 03:19:09,overcast clouds,64.1835,-51.7216,38.01,100,100,13.8
365,Peniche,PT,2022-07-28 03:19:10,clear sky,39.3558,-9.3811,65.28,91,0,11.68
366,Barguzin,RU,2022-07-28 03:19:10,light rain,53.6167,109.6167,54.52,98,100,4.36
367,Xingyi,CN,2022-07-28 03:19:10,broken clouds,24.1877,102.817,72.66,71,83,3.76
368,Cananea,MX,2022-07-28 03:19:11,overcast clouds,30.95,-110.3,67.3,80,93,4.59
369,Yarada,IN,2022-07-28 03:19:11,mist,17.65,83.2667,86.32,79,20,4.61
370,Zhezkazgan,KZ,2022-07-28 03:19:12,clear sky,47.8043,67.7144,75.18,50,0,11.18
371,Lavrentiya,RU,2022-07-28 03:19:12,overcast clouds,65.5833,-171.0,41.95,83,100,7.25
372,Quesnel,CA,2022-07-28 03:15:58,clear sky,52.9999,-122.5029,90.1,40,0,4.61
373,Villazon,BO,2022-07-28 03:19:12,broken clouds,-22.0866,-65.5942,46.51,59,60,2.37
374,Geraldton,AU,2022-07-28 03:19:13,broken clouds,-28.7667,114.6,68.41,73,75,5.75
375,Palmerston,AU,2022-07-28 03:19:13,clear sky,-12.486,130.9833,86.9,32,0,16.11
376,Praia,CV,2022-07-28 03:19:13,few clouds,14.9215,-23.5087,79.34,83,20,1.14
377,Narsaq,GL,2022-07-28 03:19:14,few clouds,60.9167,-46.05,46.62,85,14,2.84
378,Bethel,US,2022-07-28 03:19:14,clear sky,41.3712,-73.414,74.48,80,0,0.0
379,Shaoyang,CN,2022-07-28 03:19:15,overcast clouds,27.2315,111.4525,92.26,50,99,7.05
380,Lahad Datu,MY,2022-07-28 03:19:15,few clouds,5.0268,118.327,86.54,64,13,3.58
381,Asau,RO,2022-07-28 03:15:02,clear sky,46.4333,26.4,61.72,86,10,4.03
382,Ponta Delgada,PT,2022-07-28 03:19:15,light intensity drizzle,37.7333,-25.6667,74.12,88,75,3.44
383,Baniyas,SY,2022-07-28 03:19:16,clear sky,35.1819,35.9487,71.89,53,0,2.55
384,Pangnirtung,CA,2022-07-28 03:19:16,overcast clouds,66.1451,-65.7125,53.87,69,100,1.5
385,Port Hardy,CA,2022-07-28 03:19:10,few clouds,50.6996,-127.4199,69.98,73,20,4.61
386,Rorvik,NO,2022-07-28 03:19:17,overcast clouds,64.8621,11.2373,52.77,79,99,10.85
387,Fare,PF,2022-07-28 03:19:17,light rain,-16.7,-151.0167,78.35,76,10,25.7
388,Moose Factory,CA,2022-07-28 03:19:17,mist,51.2585,-80.6094,64.4,100,100,3.44
389,Lluta,PE,2022-07-28 03:15:02,clear sky,-16.0147,-72.0142,48.63,46,0,1.52
390,Suntar,RU,2022-07-28 03:19:18,clear sky,62.1444,117.6319,88.32,31,1,10.07
391,Russell,US,2022-07-28 03:14:34,clear sky,32.3502,-85.1999,82.0,83,0,3.44
392,Sembe,CG,2022-07-28 03:19:18,overcast clouds,1.6481,14.5806,70.93,89,91,2.57
393,Charters Towers,AU,2022-07-28 03:19:19,clear sky,-20.1,146.2667,69.78,27,0,9.64
394,Mayo,US,2022-07-28 03:19:19,clear sky,38.8876,-76.5119,82.35,87,0,3.44
395,Balaipungut,ID,2022-07-28 03:19:19,broken clouds,1.05,101.2833,84.9,70,58,4.81
396,Cabugao,PH,2022-07-28 03:19:20,overcast clouds,17.7931,120.4578,86.9,66,99,4.16
397,Zemio,CF,2022-07-28 03:19:20,overcast clouds,5.0314,25.1361,68.29,98,100,2.62
398,Zhengjiatun,CN,2022-07-28 03:19:20,light rain,43.5064,123.5064,81.84,67,100,5.95
399,Nakhon Sawan,TH,2022-07-28 03:19:21,scattered clouds,15.7,100.0833,89.02,62,26,5.73
400,Richards Bay,ZA,2022-07-28 03:19:21,overcast clouds,-28.783,32.0377,63.43,89,88,5.66
401,Gusev,RU,2022-07-28 03:19:22,few clouds,54.5922,22.1997,49.55,92,14,8.75
402,Hvide Sande,DK,2022-07-28 03:19:22,broken clouds,56.0045,8.1294,54.09,71,56,18.03
403,North Bend,US,2022-07-28 03:19:22,mist,43.4065,-124.2243,64.92,94,100,4.61
404,Sayyan,YE,2022-07-28 03:19:23,overcast clouds,15.1718,44.3244,58.98,70,86,11.12
405,Kloulklubed,PW,2022-07-28 03:14:36,overcast clouds,7.0419,134.2556,84.7,71,100,7.45
406,Touros,BR,2022-07-28 03:19:23,few clouds,-5.1989,-35.4608,73.0,86,17,11.52
407,Qasigiannguit,GL,2022-07-28 03:19:24,overcast clouds,68.8193,-51.1922,44.85,94,100,0.87
408,Tokur,RU,2022-07-28 03:19:24,moderate rain,53.1333,132.9,72.55,76,100,4.54
409,Domoni,KM,2022-07-28 03:20:24,clear sky,-12.2569,44.5319,73.31,72,3,9.73
410,Inuvik,CA,2022-07-28 03:20:12,broken clouds,68.3499,-133.7218,58.06,51,75,3.44
411,Marystown,CA,2022-07-28 03:20:25,clear sky,47.1666,-55.1483,59.86,100,9,1.01
412,Latung,PH,2022-07-28 03:20:25,broken clouds,5.5,120.8833,83.19,68,55,1.83
413,Bolshaya Dzhalga,RU,2022-07-28 03:20:25,clear sky,45.9695,42.6966,68.5,60,2,6.55
414,Kabwe,ZM,2022-07-28 03:20:26,broken clouds,-14.4469,28.4464,52.29,78,64,5.17
415,Rio Cuarto,AR,2022-07-28 03:19:30,overcast clouds,-33.1307,-64.3499,47.68,82,99,15.57
416,Namatanai,PG,2022-07-28 03:20:26,broken clouds,-3.6667,152.4333,85.1,67,74,12.68
417,Beitbridge,ZW,2022-07-28 03:20:27,clear sky,-22.2167,30.0,60.12,51,0,5.75
418,Constantine,DZ,2022-07-28 03:20:27,clear sky,36.365,6.6147,71.01,64,0,5.75
419,Varena,LT,2022-07-28 03:20:27,clear sky,54.2167,24.5667,50.43,92,4,3.24
420,Hami,CN,2022-07-28 03:20:28,clear sky,42.8,93.45,91.87,10,0,9.78
421,Hay River,CA,2022-07-28 03:20:28,smoke,60.8156,-115.7999,64.38,82,40,5.75
422,Mbaiki,CF,2022-07-28 03:20:28,overcast clouds,3.8678,17.9892,69.6,96,100,1.81
423,Yerofey Pavlovich,RU,2022-07-28 03:20:29,overcast clouds,53.9667,121.9667,75.52,69,100,6.98
424,Waingapu,ID,2022-07-28 03:20:29,scattered clouds,-9.6567,120.2641,83.52,57,48,19.3
425,Todos Santos,MX,2022-07-28 03:20:29,scattered clouds,23.45,-110.2167,81.05,82,37,5.48
426,Wattegama,LK,2022-07-28 03:20:18,heavy intensity rain,6.7989,81.4808,81.18,71,82,0.56
427,Murray Bridge,AU,2022-07-28 03:19:07,overcast clouds,-35.1167,139.2667,61.12,61,87,8.81
428,Cam Ranh,VN,2022-07-28 03:20:30,few clouds,11.9214,109.1591,89.56,62,20,5.75
429,Zhangjiakou,CN,2022-07-28 03:20:30,few clouds,40.81,114.8794,76.66,54,13,2.71
430,Bulgan,MN,2022-07-28 03:20:31,overcast clouds,48.8125,103.5347,55.54,81,90,2.66
431,Dyatkovo,RU,2022-07-28 03:20:31,broken clouds,53.5978,34.3382,62.46,98,69,3.85
432,Key West,US,2022-07-28 03:18:22,clear sky,24.5557,-81.7826,87.8,66,0,12.66
433,Askiz,RU,2022-07-28 03:20:32,broken clouds,53.1319,90.5264,67.64,49,83,5.84
434,Wana,PK,2022-07-28 03:20:32,overcast clouds,32.2989,69.5725,76.48,76,97,2.84
435,Nome,US,2022-07-28 03:20:32,broken clouds,64.5011,-165.4064,56.16,82,75,12.66
436,Svobodnyy,RU,2022-07-28 03:20:33,broken clouds,51.4,128.1333,87.17,48,84,12.64
437,Thunder Bay,CA,2022-07-28 03:16:01,broken clouds,48.4001,-89.3168,58.98,100,75,4.61
438,Belyy Yar,RU,2022-07-28 03:20:33,clear sky,53.6039,91.3903,69.85,64,0,2.24
439,Ray,IN,2022-07-28 03:20:33,overcast clouds,23.6833,85.05,83.17,65,100,3.22
440,Vila Velha,BR,2022-07-28 03:20:34,few clouds,-20.3297,-40.2925,65.95,90,20,1.14
441,Palmer,US,2022-07-28 03:20:34,scattered clouds,42.1584,-72.3287,72.25,75,40,0.0
442,Borovskoy,KZ,2022-07-28 03:20:35,light rain,53.8,64.15,59.29,82,100,14.14
443,Lorengau,PG,2022-07-28 03:20:35,scattered clouds,-2.0226,147.2712,83.88,75,46,13.13
444,Mtimbira,TZ,2022-07-28 03:20:35,scattered clouds,-8.7833,36.35,64.35,71,38,1.81
445,Bireun,ID,2022-07-28 03:20:36,overcast clouds,5.203,96.7009,82.2,72,100,0.83
446,Laguna,US,2022-07-28 03:20:36,haze,38.421,-121.4238,91.45,43,0,8.05
447,Viedma,AR,2022-07-28 03:20:25,broken clouds,-40.8135,-62.9967,44.53,86,65,8.46
448,Yatou,CN,2022-07-28 03:20:37,overcast clouds,37.15,122.3833,80.26,83,97,11.81
449,Cartagena,CO,2022-07-28 03:17:55,broken clouds,10.3997,-75.5144,80.22,89,75,8.05
450,Solnechnyy,RU,2022-07-28 03:20:37,overcast clouds,50.7214,136.6319,80.46,57,100,5.48
451,Hokitika,NZ,2022-07-28 03:15:45,overcast clouds,-42.7167,170.9667,50.04,87,100,5.79
452,Simpang,ID,2022-07-28 03:20:38,broken clouds,-1.2667,104.0833,85.33,62,84,6.69
453,Khromtau,KZ,2022-07-28 03:20:38,scattered clouds,50.2503,58.4347,62.91,76,25,12.28
454,Kabompo,ZM,2022-07-28 03:20:38,broken clouds,-13.5927,24.2008,49.73,68,59,5.91
455,Saint-Leu,RE,2022-07-28 03:20:39,few clouds,-21.15,55.2833,68.83,74,12,4.41
456,Omsukchan,RU,2022-07-28 03:20:39,broken clouds,62.5333,155.8,60.96,34,64,7.52
457,Muli,MV,2022-07-28 03:21:39,overcast clouds,2.9167,73.5667,82.53,74,100,15.17
458,Petropavlovsk-Kamchatskiy,RU,2022-07-28 03:21:40,light rain,53.0452,158.6483,73.99,50,75,8.95
459,Hauterive,FR,2022-07-28 03:21:40,clear sky,46.0901,3.4459,56.16,77,1,3.0
460,Tandil,AR,2022-07-28 03:18:26,overcast clouds,-37.3217,-59.1332,46.69,93,100,14.81
461,Jinchang,CN,2022-07-28 03:21:41,scattered clouds,38.4953,102.1739,85.8,16,25,4.12
462,Wanning,CN,2022-07-28 03:21:41,scattered clouds,18.8003,110.3967,88.99,60,49,3.2
463,Vaitape,PF,2022-07-28 03:21:41,light rain,-16.5167,-151.75,78.73,76,12,25.88
464,Tuatapere,NZ,2022-07-28 03:16:52,light rain,-46.1333,167.6833,44.71,94,100,2.73
465,Gamba,GA,2022-07-28 03:21:42,scattered clouds,-2.65,10.0,68.59,92,25,3.2
466,Emerald,AU,2022-07-28 03:21:26,clear sky,-23.5333,148.1667,65.34,44,0,13.94
467,Saskylakh,RU,2022-07-28 03:21:42,broken clouds,71.9167,114.0833,72.77,55,78,9.71
468,Pontes E Lacerda,BR,2022-07-28 03:21:43,clear sky,-15.2261,-59.3353,71.64,44,2,2.86
469,Gravdal,NO,2022-07-28 03:21:43,broken clouds,68.1214,13.5031,51.28,79,67,8.14
470,Lumeje,AO,2022-07-28 03:21:43,overcast clouds,-11.55,20.7833,54.1,39,99,5.61
471,Baykit,RU,2022-07-28 03:21:44,overcast clouds,61.67,96.37,67.96,83,100,3.29
472,Mackay,AU,2022-07-28 03:21:44,clear sky,-21.15,149.2,73.69,53,0,15.61
473,Mandiana,GN,2022-07-28 03:21:45,scattered clouds,10.6333,-8.6833,70.09,94,47,8.03
474,Iztapa,GT,2022-07-28 03:21:45,overcast clouds,13.9333,-90.7075,77.81,85,99,3.11
475,Nayoro,JP,2022-07-28 03:21:45,overcast clouds,44.3506,142.4578,75.49,75,95,3.22
476,Muroto,JP,2022-07-28 03:21:46,broken clouds,33.2833,134.15,82.76,81,56,11.9
477,Hobyo,SO,2022-07-28 03:21:46,overcast clouds,5.3505,48.5268,74.5,81,100,21.74
478,Tual,ID,2022-07-28 03:21:46,scattered clouds,-5.6667,132.75,79.14,83,46,21.41
479,Camocim,BR,2022-07-28 03:21:47,broken clouds,-2.9022,-40.8411,77.07,78,66,9.4
480,Ilebo,CD,2022-07-28 03:21:47,overcast clouds,-4.3167,20.5833,69.42,77,93,0.29
481,Nador,MA,2022-07-28 03:17:17,clear sky,35.174,-2.9287,75.45,43,0,2.3
482,Bargi,IN,2022-07-28 03:21:47,overcast clouds,22.9833,79.8667,81.37,85,100,3.22
483,Tutoia,BR,2022-07-28 03:21:48,few clouds,-2.7619,-42.2744,76.05,90,17,8.03
484,Sioux Lookout,CA,2022-07-28 03:21:48,overcast clouds,50.1001,-91.917,54.18,96,100,8.23
485,Darnah,LY,2022-07-28 03:21:48,clear sky,32.767,22.6367,77.92,77,0,12.82
486,Koulikoro,ML,2022-07-28 03:19:48,clear sky,14.0,-7.75,77.94,80,2,13.82
487,Lieksa,FI,2022-07-28 03:21:49,overcast clouds,63.3167,30.0167,57.54,92,91,8.1
488,Bulaevo,KZ,2022-07-28 03:21:49,overcast clouds,54.9056,70.4439,62.91,94,100,14.34
489,Hosakote,IN,2022-07-28 03:21:50,broken clouds,14.2769,77.1699,79.81,64,54,2.57
490,Jasper,US,2022-07-28 03:21:50,overcast clouds,37.2001,-94.3502,79.38,79,87,1.01
491,Truro,GB,2022-07-28 03:21:50,overcast clouds,50.2653,-5.0544,56.48,82,100,5.75
492,Karlstad,SE,2022-07-28 03:21:51,clear sky,59.3793,13.5036,46.96,76,8,8.05
493,Port Macquarie,AU,2022-07-28 03:21:51,clear sky,-31.4333,152.9167,65.89,47,0,6.2
494,Villeneuve-Sur-Lot,FR,2022-07-28 03:21:51,clear sky,44.5,0.6667,60.85,87,3,5.14
495,Stepnogorsk,KZ,2022-07-28 03:21:52,scattered clouds,52.3544,71.8869,71.22,61,40,5.82
496,Prachuap Khiri Khan,TH,2022-07-28 03:21:52,moderate rain,12.2167,99.75,83.59,65,100,2.39
497,Christchurch,NZ,2022-07-28 03:21:52,broken clouds,-43.5333,172.6333,50.92,89,75,8.05
498,Iracoubo,GF,2022-07-28 03:21:53,overcast clouds,5.4802,-53.2011,76.53,88,95,4.56
499,Jumla,NP,2022-07-28 03:21:53,overcast clouds,29.2747,82.1838,65.89,87,100,2.89
500,Kharan,PK,2022-07-28 03:21:54,moderate rain,28.5833,65.4167,84.16,62,100,6.71
501,Gimli,CA,2022-07-28 03:21:54,overcast clouds,50.6336,-96.9907,57.6,86,97,13.31
502,Hualmay,PE,2022-07-28 03:21:54,scattered clouds,-11.0964,-77.6139,61.77,86,39,10.69
503,Odienne,CI,2022-07-28 03:21:55,light rain,9.51,-7.5692,69.19,99,43,4.0
504,Saint-Joseph,RE,2022-07-28 03:21:55,light rain,-21.3667,55.6167,66.58,79,18,6.2
505,Salme,NP,2022-07-28 03:22:55,overcast clouds,28.0369,85.0942,64.69,91,100,0.72
506,Isangel,VU,2022-07-28 03:22:47,heavy intensity rain,-19.55,169.2667,73.51,94,100,2.3
507,Shahrud,IR,2022-07-28 03:22:56,broken clouds,36.4182,54.9763,78.15,48,61,9.06
508,Baracoa,CU,2022-07-28 03:22:56,broken clouds,20.3467,-74.4958,79.07,84,57,12.28
509,Mount Isa,AU,2022-07-28 03:22:57,clear sky,-20.7333,139.5,74.97,23,10,12.66
510,Keizer,US,2022-07-28 03:18:34,clear sky,44.9901,-123.0262,91.62,44,0,11.01
511,Tottori,JP,2022-07-28 03:22:57,scattered clouds,35.5,134.2333,86.07,79,40,10.36
512,Gayny,RU,2022-07-28 03:22:57,few clouds,60.3071,54.3241,61.14,65,14,0.87
513,Kirakira,SB,2022-07-28 03:22:58,overcast clouds,-10.4544,161.9205,83.32,73,100,10.6
514,Cariamanga,EC,2022-07-28 03:22:58,broken clouds,-4.3333,-79.55,49.77,91,79,2.59
515,San Andres,CO,2022-07-28 03:19:19,scattered clouds,12.5847,-81.7006,82.42,100,40,8.05
516,Mogadishu,SO,2022-07-28 03:22:59,broken clouds,2.0371,45.3438,75.56,78,71,14.88
517,Knysna,ZA,2022-07-28 03:22:59,clear sky,-34.0363,23.0471,54.75,75,0,5.41
518,Ust-Kulom,RU,2022-07-28 03:22:59,scattered clouds,61.6864,53.6902,62.15,60,43,3.2
519,Xichang,CN,2022-07-28 03:23:00,scattered clouds,27.8964,102.2634,76.73,66,27,2.89
520,Chilmari,BD,2022-07-28 03:23:00,broken clouds,25.5559,89.6715,86.49,70,61,8.72
521,Almonte,ES,2022-07-28 03:23:00,clear sky,37.2647,-6.5167,71.28,50,0,3.6
522,Paamiut,GL,2022-07-28 03:23:01,broken clouds,61.994,-49.6678,42.3,92,63,14.76
523,Kushmurun,KZ,2022-07-28 03:23:01,broken clouds,52.4503,64.6311,64.33,66,57,19.24
524,Lahaina,US,2022-07-28 03:23:01,clear sky,20.8783,-156.6825,84.2,79,2,7.94
525,Walvis Bay,NA,2022-07-28 03:23:02,clear sky,-22.9575,14.5053,53.1,93,5,1.14
526,Lander,US,2022-07-28 03:23:02,moderate rain,42.833,-108.7307,79.2,72,100,8.05
527,Scarborough,GB,2022-07-28 03:19:12,overcast clouds,54.2797,-0.4044,59.32,81,100,1.01
528,Waddan,LY,2022-07-28 03:23:03,clear sky,29.1614,16.139,77.49,42,0,4.38
529,Siva,EG,2022-07-28 03:23:03,clear sky,29.2041,25.5195,81.54,43,0,5.95
530,Agadez,NE,2022-07-28 03:23:03,scattered clouds,19.75,10.25,84.81,16,44,3.51
531,San Juan,AR,2022-07-28 03:23:04,overcast clouds,-31.5375,-68.5364,50.11,71,99,12.35
532,Makakilo City,US,2022-07-28 03:23:04,clear sky,21.3469,-158.0858,82.72,56,0,14.97
533,Santa Cruz Del Sur,CU,2022-07-28 03:23:04,broken clouds,20.7147,-77.9956,78.89,83,84,15.39
534,Timbo,BR,2022-07-28 03:23:05,overcast clouds,-26.8233,-49.2717,60.57,99,85,1.39
535,Kushiro,JP,2022-07-28 03:23:05,broken clouds,42.975,144.3747,77.95,78,75,5.75
536,Eenhana,NA,2022-07-28 03:23:06,scattered clouds,-17.4667,16.3333,53.67,37,31,3.4
537,Ouro Preto Do Oeste,BR,2022-07-28 03:23:06,broken clouds,-10.7481,-62.2158,74.44,41,62,2.51
538,Lipin Bor,RU,2022-07-28 03:23:06,overcast clouds,60.2622,37.9763,63.77,97,100,2.46
539,Lakshmeshwar,IN,2022-07-28 03:23:07,moderate rain,15.1333,75.4667,73.53,68,27,1.19
540,Bubaque,GW,2022-07-28 03:23:07,overcast clouds,11.2833,-15.8333,79.93,77,99,8.34
541,Kipushi,CD,2022-07-28 03:23:07,broken clouds,-11.7667,27.2333,51.04,66,58,4.59
542,Nowogard,PL,2022-07-28 03:23:08,clear sky,53.6744,15.1163,51.44,93,0,1.14
543,Tautira,PF,2022-07-28 03:18:19,light rain,-17.7333,-149.15,76.93,79,39,26.53
544,Raudeberg,NO,2022-07-28 03:23:08,few clouds,61.9875,5.1352,45.27,72,18,5.53
545,Coahuayana,MX,2022-07-28 03:23:09,overcast clouds,18.7333,-103.6833,78.4,84,97,1.1
546,Myrtle Beach,US,2022-07-28 03:20:14,clear sky,33.6891,-78.8867,82.44,84,0,11.5
547,Owen Sound,CA,2022-07-28 03:23:09,clear sky,44.5672,-80.9435,70.16,93,5,11.01
548,Hovd,MN,2022-07-28 03:23:10,clear sky,48.0056,91.6419,65.53,33,3,4.79
549,Adrar,MR,2022-07-28 03:23:10,clear sky,20.5022,-10.0711,95.29,10,0,8.84
550,Jacksonville Beach,US,2022-07-28 03:23:00,few clouds,30.2947,-81.3931,80.73,79,20,9.22
551,Gobabis,NA,2022-07-28 03:24:11,broken clouds,-22.45,18.9667,57.58,38,73,12.37
552,Neuquen,AR,2022-07-28 03:24:11,clear sky,-38.9516,-68.0591,44.49,76,0,2.3
553,Jertih,MY,2022-07-28 03:21:22,broken clouds,5.7336,102.4897,87.51,64,61,0.34
554,Nabire,ID,2022-07-28 03:24:11,few clouds,-3.3667,135.4833,82.36,81,20,2.15
555,Husavik,IS,2022-07-28 03:24:12,scattered clouds,66.0449,-17.3389,52.9,84,33,9.66
556,Minot,US,2022-07-28 03:24:12,clear sky,48.2325,-101.2963,62.82,67,0,8.05
557,Flinders,AU,2022-07-28 03:24:12,few clouds,-34.5833,150.8552,68.38,52,11,7.0
558,Baturaja,ID,2022-07-28 03:24:13,overcast clouds,-4.1333,104.1667,78.66,87,100,3.22
559,Tabuk,PH,2022-07-28 03:24:13,overcast clouds,17.4189,121.4443,86.86,68,100,3.33
560,Caxito,AO,2022-07-28 03:24:14,overcast clouds,-8.5785,13.6643,70.47,86,100,1.01
561,Batesville,US,2022-07-28 03:24:14,scattered clouds,35.7698,-91.641,83.84,61,40,0.0
562,Menongue,AO,2022-07-28 03:24:14,broken clouds,-14.6585,17.691,48.79,44,51,4.94
563,Rio Claro,BR,2022-07-28 03:24:15,few clouds,-22.4114,-47.5614,62.58,57,14,3.27
564,Kuito,AO,2022-07-28 03:24:15,overcast clouds,-12.3833,16.9333,48.99,41,100,2.93
565,Saint Marys,US,2022-07-28 03:19:37,clear sky,30.7305,-81.5465,80.71,76,0,8.05
566,Taltal,CL,2022-07-28 03:24:15,overcast clouds,-25.4,-70.4833,59.52,79,100,5.35
567,Revelstoke,CA,2022-07-28 03:24:16,clear sky,50.9832,-118.2023,77.02,65,0,0.0
568,Bocas Del Toro,PA,2022-07-28 03:24:16,overcast clouds,9.3333,-82.25,78.98,81,100,5.37
569,Champerico,GT,2022-07-28 03:24:17,broken clouds,14.3,-91.9167,79.18,80,62,3.83
570,Tanete,ID,2022-07-28 03:24:17,overcast clouds,-3.9443,119.7848,85.62,58,99,14.2
571,Ville-Marie,CA,2022-07-28 03:24:18,broken clouds,47.3335,-79.433,59.41,95,56,5.41
572,Dwarka,IN,2022-07-28 03:20:33,overcast clouds,22.2394,68.9678,82.71,76,89,9.08
573,Sarrebourg,FR,2022-07-28 03:24:18,overcast clouds,48.7333,7.05,62.8,69,99,6.51
574,Tazovskiy,RU,2022-07-28 03:24:18,overcast clouds,67.4667,78.7,50.34,78,100,10.29
575,Shache,CN,2022-07-28 03:24:19,clear sky,38.4167,77.2406,92.28,16,4,7.87
576,Abalak,RU,2022-07-28 03:24:19,overcast clouds,58.1286,68.5944,60.28,70,100,10.07
577,San Esteban,HN,2022-07-28 03:24:19,clear sky,15.2,-85.75,70.03,94,6,2.66
578,Kimbe,PG,2022-07-28 03:24:20,few clouds,-5.5502,150.1429,90.5,54,23,6.44
579,Fairlie,GB,2022-07-28 03:24:20,overcast clouds,55.756,-4.8556,52.48,84,100,4.59
580,Harnosand,SE,2022-07-28 03:24:20,few clouds,62.6323,17.9379,50.0,68,12,17.65
581,Lulea,SE,2022-07-28 03:24:21,overcast clouds,65.5842,22.1547,53.67,76,100,10.36
582,Kualakapuas,ID,2022-07-28 03:24:21,overcast clouds,-3.0091,114.3876,84.47,73,97,4.09
583,Machaneng,BW,2022-07-28 03:24:22,clear sky,-23.1862,27.4886,57.83,50,0,7.02
584,Lata,PT,2022-07-28 03:24:22,clear sky,40.1629,-8.3327,54.99,92,0,1.95
585,Yar-Sale,RU,2022-07-28 03:24:22,overcast clouds,66.8333,70.8333,62.74,60,98,11.88
586,Sarakhs,IR,2022-07-28 03:24:23,clear sky,36.5449,61.1577,87.55,24,0,7.61
587,Eureka,US,2022-07-28 03:21:53,few clouds,40.8021,-124.1637,60.21,85,16,5.3
588,Maniitsoq,GL,2022-07-28 03:24:23,scattered clouds,65.4167,-52.9,41.92,84,42,10.25
589,Xai-Xai,MZ,2022-07-28 03:24:23,clear sky,-25.0519,33.6442,58.42,89,0,3.49
590,Great Yarmouth,GB,2022-07-28 03:24:24,overcast clouds,52.6083,1.7305,58.41,75,98,10.22
591,Bud,US,2022-07-28 03:24:24,overcast clouds,39.447,-86.1758,76.05,91,86,5.88
592,Iqaluit,CA,2022-07-28 03:24:24,broken clouds,63.7506,-68.5145,50.7,66,75,3.0
593,Tezu,IN,2022-07-28 03:24:25,overcast clouds,27.9167,96.1667,78.28,97,100,1.01
594,Nantucket,US,2022-07-28 03:23:53,clear sky,41.2835,-70.0995,73.99,88,0,5.75
595,Coolum Beach,AU,2022-07-28 03:24:25,clear sky,-26.5333,153.1,70.11,54,4,6.26
596,Nanakuli,US,2022-07-28 03:24:26,clear sky,21.3906,-158.1547,84.15,54,0,13.8
597,Puerto El Triunfo,SV,2022-07-28 03:24:26,broken clouds,13.2833,-88.55,83.32,84,78,1.36
598,San Pedro,PH,2022-07-28 03:25:26,broken clouds,14.35,121.0167,88.32,73,75,13.8
599,College,US,2022-07-28 03:25:27,broken clouds,64.8569,-147.8028,62.01,59,75,12.66
600,Gizo,SB,2022-07-28 03:25:27,clear sky,-8.103,156.8419,84.49,68,8,8.05
601,Labuhan,ID,2022-07-28 03:25:28,overcast clouds,-6.8844,112.2051,84.9,64,99,7.96
602,Guerrero Negro,MX,2022-07-28 03:25:28,broken clouds,27.9769,-114.0611,68.79,82,57,15.32
603,Bachaquero,VE,2022-07-28 03:25:28,overcast clouds,9.9694,-71.1494,77.92,85,100,4.97
604,Mporokoso,ZM,2022-07-28 03:25:29,few clouds,-9.3727,30.125,54.07,65,21,6.4
605,Bijar,IR,2022-07-28 03:25:29,clear sky,35.8668,47.6051,68.25,52,1,4.18
606,Ahipara,NZ,2022-07-28 03:25:29,broken clouds,-35.1667,173.1667,57.63,85,55,15.05
607,Hirara,JP,2022-07-28 03:25:30,scattered clouds,24.8,125.2833,93.06,62,40,13.8
608,Tatawin,TN,2022-07-28 03:25:30,scattered clouds,32.9297,10.4518,84.04,24,28,3.87
609,Kralendijk,BQ,2022-07-28 03:25:31,scattered clouds,12.15,-68.2667,80.58,89,40,9.22
610,Shizilu,CN,2022-07-28 03:25:31,overcast clouds,35.1711,118.8289,85.78,73,100,6.06
611,Tucumcari,US,2022-07-28 03:25:31,overcast clouds,35.1717,-103.725,75.04,69,100,9.22
612,Hornepayne,CA,2022-07-28 03:25:32,scattered clouds,49.2138,-84.7705,57.38,96,49,6.55
613,Ginir,ET,2022-07-28 03:25:32,broken clouds,7.1333,40.7,54.73,81,77,7.0
614,Bonthe,SL,2022-07-28 03:25:32,light rain,7.5264,-12.505,74.1,91,76,5.95
615,Tandur,IN,2022-07-28 03:25:33,overcast clouds,17.2333,77.5833,79.83,77,100,3.22
616,Olinda,BR,2022-07-28 03:25:33,broken clouds,-8.0089,-34.8553,71.33,94,75,3.44
617,Uyuni,BO,2022-07-28 03:25:34,few clouds,-20.4597,-66.825,44.87,25,21,4.25
618,Vredendal,ZA,2022-07-28 03:25:34,clear sky,-31.6683,18.5012,53.42,68,0,5.14
619,Vilhena,BR,2022-07-28 03:25:34,clear sky,-12.7406,-60.1458,68.22,48,6,3.98
620,Zell Am See,AT,2022-07-28 03:25:35,clear sky,47.3256,12.7944,61.0,1,6,4.72
621,Chimbote,PE,2022-07-28 03:25:35,overcast clouds,-9.0853,-78.5783,62.91,83,86,9.15
622,Pingliang,CN,2022-07-28 03:25:35,clear sky,35.5392,106.6861,82.45,30,0,7.18
623,Brae,GB,2022-07-28 03:25:36,broken clouds,60.3964,-1.353,51.48,80,67,6.82
624,Kota Belud,MY,2022-07-28 03:25:36,broken clouds,6.351,116.4305,85.64,67,79,4.92
625,Pemangkat,ID,2022-07-28 03:25:36,broken clouds,1.1667,108.9667,84.25,67,59,4.59
626,Conceicao Do Araguaia,BR,2022-07-28 03:25:37,clear sky,-8.2578,-49.2647,70.05,48,3,1.57
627,Otjimbingwe,NA,2022-07-28 03:25:37,clear sky,-22.35,16.1333,58.41,20,6,1.25
628,Tiruppuvanam,IN,2022-07-28 03:25:37,few clouds,9.8333,78.2667,80.98,89,20,5.75
629,Aleppo,SY,2022-07-28 03:25:38,clear sky,36.25,37.5,76.86,40,0,8.81
630,Takaka,NZ,2022-07-28 03:25:38,scattered clouds,-40.85,172.8,54.55,81,37,7.54
631,Trapani,IT,2022-07-28 03:25:38,clear sky,37.8333,12.6667,80.28,73,0,4.61
632,Kathmandu,NP,2022-07-28 03:25:39,broken clouds,27.7167,85.3167,71.82,88,75,4.61
633,Soubre,CI,2022-07-28 03:25:39,overcast clouds,5.7856,-6.6083,69.46,98,88,4.38
634,Ust-Omchug,RU,2022-07-28 03:25:39,broken clouds,61.15,149.6333,63.16,33,74,3.47
635,Kudahuvadhoo,MV,2022-07-28 03:25:40,overcast clouds,2.6708,72.8944,82.49,74,99,14.81
636,Esperance,AU,2022-07-28 03:25:40,clear sky,-33.8667,121.9,63.28,47,0,17.45
637,Awjilah,LY,2022-07-28 03:25:40,clear sky,29.1081,21.2869,79.54,52,0,6.33
638,Cloquet,US,2022-07-28 03:20:51,broken clouds,46.7216,-92.4594,62.4,87,77,5.75
639,Portland,US,2022-07-28 03:21:48,few clouds,45.5234,-122.6762,91.99,48,20,6.91
640,Avera,US,2022-07-28 03:25:41,broken clouds,33.194,-82.5271,81.55,60,52,8.03
641,Tulun,RU,2022-07-28 03:25:41,overcast clouds,54.5611,100.5792,67.46,51,100,5.59
642,Tura,IN,2022-07-28 03:25:42,broken clouds,25.5198,90.2201,80.82,84,53,4.29
643,Cabra,ES,2022-07-28 03:25:42,clear sky,37.4725,-4.4421,69.04,48,0,1.1
644,Atherton,GB,2022-07-28 03:26:42,overcast clouds,53.5237,-2.4935,60.3,95,100,1.99
645,Benton,US,2022-07-28 03:26:43,clear sky,36.3334,-94.3335,76.82,93,0,5.75
646,Tiznit,MA,2022-07-28 03:26:43,clear sky,29.5833,-9.5,73.87,56,0,2.35
647,Saint-Georges,GD,2022-07-28 03:26:43,scattered clouds,12.0564,-61.7485,80.28,83,40,17.27
648,Sabla,NG,2022-07-28 03:26:44,overcast clouds,12.7525,4.7077,80.02,74,100,10.2
649,Logrono,ES,2022-07-28 03:26:44,clear sky,42.4667,-2.45,60.3,72,0,9.22
650,Goderich,CA,2022-07-28 03:26:45,clear sky,43.7501,-81.7165,73.72,83,0,11.5
651,Krasnoselkup,RU,2022-07-28 03:26:45,overcast clouds,65.7,82.4667,57.63,68,92,18.07
652,Sorland,NO,2022-07-28 03:26:45,few clouds,67.667,12.6934,49.86,78,24,12.41
653,Sobolevo,RU,2022-07-28 03:26:46,overcast clouds,54.4299,31.8996,59.79,97,99,5.12
654,Seymchan,RU,2022-07-28 03:26:46,broken clouds,62.8833,152.4333,65.21,35,71,5.28
655,La Romana,DO,2022-07-28 03:26:46,clear sky,18.4273,-68.9728,75.25,86,4,8.99
656,Belomorsk,RU,2022-07-28 03:26:47,overcast clouds,64.5232,34.7668,59.99,87,100,8.19
657,Kailua,US,2022-07-28 03:26:47,clear sky,21.4022,-157.7394,84.18,68,0,9.22
658,Luganville,VU,2022-07-28 03:26:47,overcast clouds,-15.5333,167.1667,82.35,74,95,6.24
659,Grand-Santi,GF,2022-07-28 03:26:48,overcast clouds,4.25,-54.3833,72.41,99,100,1.88
660,Tabou,CI,2022-07-28 03:26:48,overcast clouds,4.423,-7.3528,74.82,76,97,11.07
661,Ivangorod,RU,2022-07-28 03:26:48,scattered clouds,59.3716,28.2162,53.69,86,39,4.74
662,Effium,NG,2022-07-28 03:26:49,moderate rain,6.6292,8.0593,71.64,98,100,3.8
663,The Valley,AI,2022-07-28 03:26:49,clear sky,18.217,-63.0578,81.82,69,1,20.02
664,Manyana,BW,2022-07-28 03:26:50,broken clouds,-23.4,21.7167,58.8,35,73,10.54
665,Bonavista,CA,2022-07-28 03:26:50,few clouds,48.6499,-53.1147,59.86,94,11,9.89
666,High Level,CA,2022-07-28 03:26:50,few clouds,58.5169,-117.136,78.91,53,20,4.61
667,Gezing,AT,2022-07-28 03:26:51,clear sky,47.9178,13.1299,59.36,100,9,4.61
668,Kumluca,TR,2022-07-28 03:26:51,clear sky,36.3703,30.2869,82.92,42,0,4.45
669,Rennes,FR,2022-07-28 03:21:58,clear sky,48.1667,-1.6667,61.57,94,0,3.44
670,Noshiro,JP,2022-07-28 03:26:52,clear sky,40.2039,140.0242,85.03,65,9,8.99
671,Doha,QA,2022-07-28 03:26:52,thunderstorm,25.2867,51.5333,89.91,79,40,13.8
672,Kiunga,PG,2022-07-28 03:26:52,broken clouds,-6.1219,141.2906,80.37,88,81,4.34
673,Gaillac,FR,2022-07-28 03:26:53,clear sky,43.9016,1.8969,64.15,66,0,1.45
674,Kathu,TH,2022-07-28 03:26:53,broken clouds,7.9178,98.3332,87.69,99,70,4.99
675,Zakamensk,RU,2022-07-28 03:26:53,overcast clouds,50.3741,103.2863,60.62,60,98,5.21
676,Matias Romero,MX,2022-07-28 03:26:54,overcast clouds,16.8833,-95.0333,72.99,94,86,3.71
677,Isfana,KG,2022-07-28 03:26:54,clear sky,39.8386,69.5306,73.96,35,1,5.55
678,Lichinga,MZ,2022-07-28 03:26:54,clear sky,-13.3128,35.2406,50.09,87,0,6.91
679,Miri,MY,2022-07-28 03:24:19,few clouds,4.4148,114.0089,87.94,66,20,2.3
680,Zhifang,CN,2022-07-28 03:26:55,overcast clouds,30.35,114.3167,80.58,80,100,6.64
681,Mocuba,MZ,2022-07-28 03:26:55,clear sky,-16.8392,36.9856,56.97,92,0,2.91
682,Aden,YE,2022-07-28 03:26:56,few clouds,12.7794,45.0367,82.56,76,20,4.76
683,Banda Aceh,ID,2022-07-28 03:26:56,overcast clouds,5.5577,95.3222,82.11,74,91,4.88
684,Weligama,LK,2022-07-28 03:26:56,overcast clouds,5.9667,80.4167,78.62,84,91,8.48
685,La Orilla,MX,2022-07-28 03:26:57,overcast clouds,17.9833,-102.2333,79.93,79,100,3.36
686,Beloha,MG,2022-07-28 03:26:57,clear sky,-25.1667,45.05,57.54,81,0,4.99
687,Una,IN,2022-07-28 03:26:57,overcast clouds,20.8167,71.0333,81.54,78,99,6.31
688,Yerbogachen,RU,2022-07-28 03:26:58,light rain,61.2767,108.0108,73.58,66,45,6.35
689,Pacific Grove,US,2022-07-28 03:26:58,broken clouds,36.6177,-121.9166,64.81,87,75,5.75
690,Trelew,AR,2022-07-28 03:25:06,clear sky,-43.249,-65.3051,40.23,80,2,15.55
691,Norfolk,US,2022-07-28 03:27:59,clear sky,42.1668,-71.2495,71.92,77,0,0.0
692,Great Falls,US,2022-07-28 03:26:29,clear sky,47.5002,-111.3008,78.19,37,0,11.5
693,Faya,SA,2022-07-28 03:27:59,overcast clouds,18.3851,42.4509,63.12,63,100,4.72
694,Henties Bay,NA,2022-07-28 03:28:00,clear sky,-22.116,14.2845,52.63,85,2,2.06
695,Leninsk,RU,2022-07-28 03:28:00,few clouds,48.7119,45.1994,73.31,60,14,5.59
696,Roznava,SK,2022-07-28 03:26:27,broken clouds,48.6601,20.5376,66.07,76,73,4.5
697,Barao De Melgaco,BR,2022-07-28 03:28:00,clear sky,-16.1944,-55.9675,71.85,37,0,2.98
698,Yangcun,CN,2022-07-28 03:28:01,light rain,39.3639,117.0603,73.38,89,100,7.74
699,Mikuni,JP,2022-07-28 03:28:01,overcast clouds,36.2171,136.1519,87.71,71,100,6.82
700,Mercedes,AR,2022-07-28 03:28:01,overcast clouds,-34.6515,-59.4307,60.64,94,100,12.55
701,Bekhtery,UA,2022-07-28 03:28:02,clear sky,46.251,32.2927,70.99,78,6,1.99
702,Khandyga,RU,2022-07-28 03:28:02,few clouds,62.6667,135.6,84.6,36,11,3.51
703,Bushehr,IR,2022-07-28 03:28:02,broken clouds,28.9684,50.8385,91.49,66,75,11.5
704,Veraval,IN,2022-07-28 03:28:03,overcast clouds,20.9,70.3667,81.81,78,100,6.33
705,Lakota,CI,2022-07-28 03:28:03,overcast clouds,5.8528,-5.6883,69.46,97,98,5.03
706,North Platte,US,2022-07-28 03:28:04,broken clouds,41.1239,-100.7654,75.09,74,75,11.99
707,Pacifica,US,2022-07-28 03:28:04,mist,37.6138,-122.4869,69.15,92,20,21.85
708,Heihe,CN,2022-07-28 03:28:04,moderate rain,50.2441,127.4902,77.58,51,100,8.16
709,Shaowu,CN,2022-07-28 03:28:05,scattered clouds,27.3409,117.4831,96.57,48,47,1.74
710,Bairiki,KI,2022-07-28 03:28:05,scattered clouds,1.3292,172.9752,86.0,70,40,13.8
711,Thinadhoo,MV,2022-07-28 03:28:05,overcast clouds,0.5333,72.9333,83.17,72,95,13.62
712,Ust-Tsilma,RU,2022-07-28 03:28:06,overcast clouds,65.441,52.1498,65.71,50,92,7.18
713,Bafra,TR,2022-07-28 03:28:06,clear sky,41.5678,35.9069,70.83,69,0,4.9
714,Mulatupo,PA,2022-07-28 03:28:06,overcast clouds,8.9492,-77.7652,76.12,92,100,7.27
715,Tocopilla,CL,2022-07-28 03:28:07,overcast clouds,-22.092,-70.1979,61.41,72,91,10.47
716,Marzuq,YE,2022-07-28 03:28:07,overcast clouds,14.4,46.4667,81.12,43,99,6.02
717,Mae Sai,TH,2022-07-28 03:28:07,few clouds,20.4335,99.8762,87.19,63,19,1.34
718,Rochegda,RU,2022-07-28 03:28:08,few clouds,62.8,43.25,64.99,96,21,5.12
719,Nueva Loja,EC,2022-07-28 03:28:08,overcast clouds,0.0847,-76.8828,67.15,98,100,2.3
